NAME;VERSION;LICENSES;COPYRIGHTS;LANGUAGE;URL
aopalliance:aopalliance;1.0;PUBDOM;;java;https://mvnrepository.com/artifact/aopalliance/aopalliance
com.fasterxml.jackson.core:jackson-annotations;2.5.3;Apache-2.0;;java;https://mvnrepository.com/artifact/com.fasterxml.jackson.core/jackson-annotations
com.fasterxml.jackson.core:jackson-core;2.2.3;Apache-2.0;Copyright c 2007 Tatu Saloranta, tatu.salorantaiki.fi;java;https://mvnrepository.com/artifact/com.fasterxml.jackson.core/jackson-core
com.fasterxml.jackson.core:jackson-databind;2.2.3;Apache-2.0;;java;https://mvnrepository.com/artifact/com.fasterxml.jackson.core/jackson-databind
com.google.code.findbugs:jsr305;3.0.2;Apache-2.0;;java;https://mvnrepository.com/artifact/com.google.code.findbugs/jsr305
com.google.errorprone:error_prone_annotations;2.2.0;Apache-2.0;;java;https://mvnrepository.com/artifact/com.google.errorprone/error_prone_annotations
com.google.guava:failureaccess;1.0;Apache-2.0;;java;https://mvnrepository.com/artifact/com.google.guava/failureaccess
com.google.guava:guava;27.0-jre;Apache-2.0;;java;https://mvnrepository.com/artifact/com.google.guava/guava
com.google.guava:listenablefuture;9999.0-empty-to-avoid-conflict-with-guava;Apache-2.0;;java;https://mvnrepository.com/artifact/com.google.guava/listenablefuture
com.google.j2objc:j2objc-annotations;1.1;Apache-2.0;;java;https://mvnrepository.com/artifact/com.google.j2objc/j2objc-annotations
commons-beanutils:commons-beanutils;1.8.3;Apache-2.0;;java;https://mvnrepository.com/artifact/commons-beanutils/commons-beanutils
commons-codec:commons-codec;1.2;Apache-2.0;;java;https://mvnrepository.com/artifact/commons-codec/commons-codec
commons-digester:commons-digester;1.8;Apache-2.0;;java;https://mvnrepository.com/artifact/commons-digester/commons-digester
commons-httpclient:commons-httpclient;3.1;Apache-1.0;;java;https://mvnrepository.com/artifact/commons-httpclient/commons-httpclient
commons-io:commons-io;2.1;Apache-2.0;;java;https://mvnrepository.com/artifact/commons-io/commons-io
commons-io:commons-io;2.5;Apache-2.0;;java;https://mvnrepository.com/artifact/commons-io/commons-io
commons-lang:commons-lang;2.6;Apache-2.0;;java;https://mvnrepository.com/artifact/commons-lang/commons-lang
commons-logging:commons-logging;1.1.1;Apache-2.0;;java;https://mvnrepository.com/artifact/commons-logging/commons-logging
commons-logging:commons-logging;1.2;Apache-2.0;;java;https://mvnrepository.com/artifact/commons-logging/commons-logging
commons-validator:commons-validator;1.4.0;Apache-2.0;;java;https://mvnrepository.com/artifact/commons-validator/commons-validator
it.geosolutions.csi.sira:metadata-services;1.0-SNAPSHOT;"MIT; Apache-2.0";CSI Piemonte;java;
it.geosolutions.csi.sira:sira-backend;1.0-SNAPSHOT;"MIT; Apache-2.0";CSI Piemonte;java;
javax.servlet:javax.servlet-api;3.1.0;CDDL-1.1;;java;https://mvnrepository.com/artifact/javax.servlet/javax.servlet-api
log4j:log4j;1.2.14;Apache-2.0;;java;https://mvnrepository.com/artifact/log4j/log4j
log4j:log4j;1.2.16;Apache-2.0;;java;https://mvnrepository.com/artifact/log4j/log4j
org.checkerframework:checker-qual;2.5.2;MIT;Copyright (C) 1989, 1991 Free Software Foundation, Inc.59 Temple Place, Suite 330, Boston, MA 02111-1307 USA;java;https://mvnrepository.com/artifact/org.checkerframework/checker-qual
org.codehaus.jackson:jackson-core-asl;1.9.10;Apache-2.0;;java;https://mvnrepository.com/artifact/org.codehaus.jackson/jackson-core-asl
org.codehaus.jackson:jackson-mapper-asl;1.9.10;Apache-2.0;;java;https://mvnrepository.com/artifact/org.codehaus.jackson/jackson-mapper-asl
org.codehaus.mojo:animal-sniffer-annotations;1.17;MIT;;java;https://mvnrepository.com/artifact/org.codehaus.mojo/animal-sniffer-annotations
org.geoserver.security:iride-commons;1.0-SNAPSHOT;"MIT; Apache-2.0";CSI Piemonte;java;
org.slf4j:slf4j-api;1.6.4;MIT;;java;https://mvnrepository.com/artifact/org.slf4j/slf4j-api
org.slf4j:slf4j-api;1.7.2;MIT;;java;https://mvnrepository.com/artifact/org.slf4j/slf4j-api
org.slf4j:slf4j-log4j12;1.6.4;MIT;;java;https://mvnrepository.com/artifact/org.slf4j/slf4j-log4j12
org.slf4j:slf4j-log4j12;1.7.2;MIT;;java;https://mvnrepository.com/artifact/org.slf4j/slf4j-log4j12
org.springframework.security:spring-security-config;5.1.8.RELEASE;Apache-2.0;;java;https://mvnrepository.com/artifact/org.springframework.security/spring-security-config
org.springframework.security:spring-security-core;5.1.8.RELEASE;Apache-2.0;;java;https://mvnrepository.com/artifact/org.springframework.security/spring-security-core
org.springframework.security:spring-security-web;5.1.8.RELEASE;Apache-2.0;;java;https://mvnrepository.com/artifact/org.springframework.security/spring-security-web
org.springframework:spring-aop;3.0.5.RELEASE;Apache-2.0;;java;https://mvnrepository.com/artifact/org.springframework/spring-aop
org.springframework:spring-aop;5.1.13.RELEASE;Apache-2.0;;java;https://mvnrepository.com/artifact/org.springframework/spring-aop
org.springframework:spring-asm;3.0.5.RELEASE;Apache-2.0;;java;https://mvnrepository.com/artifact/org.springframework/spring-asm
org.springframework:spring-beans;3.0.5.RELEASE;Apache-2.0;;java;https://mvnrepository.com/artifact/org.springframework/spring-beans
org.springframework:spring-beans;5.1.13.RELEASE;Apache-2.0;;java;https://mvnrepository.com/artifact/org.springframework/spring-beans
org.springframework:spring-context;3.0.5.RELEASE;Apache-2.0;;java;https://mvnrepository.com/artifact/org.springframework/spring-context
org.springframework:spring-context;5.1.13.RELEASE;Apache-2.0;;java;https://mvnrepository.com/artifact/org.springframework/spring-context
org.springframework:spring-context-support;3.0.5.RELEASE;Apache-2.0;;java;https://mvnrepository.com/artifact/org.springframework/spring-context-support
org.springframework:spring-core;3.0.5.RELEASE;Apache-2.0;;java;https://mvnrepository.com/artifact/org.springframework/spring-core
org.springframework:spring-expression;3.0.5.RELEASE;Apache-2.0;;java;https://mvnrepository.com/artifact/org.springframework/spring-expression
org.springframework:spring-expression;5.1.13.RELEASE;Apache-2.0;;java;https://mvnrepository.com/artifact/org.springframework/spring-expression
org.springframework:spring-jdbc;3.0.5.RELEASE;Apache-2.0;;java;https://mvnrepository.com/artifact/org.springframework/spring-jdbc
org.springframework:spring-tx;3.0.5.RELEASE;Apache-2.0;;java;https://mvnrepository.com/artifact/org.springframework/spring-tx
org.springframework:spring-web;3.0.5.RELEASE;Apache-2.0;;java;https://mvnrepository.com/artifact/org.springframework/spring-web
org.springframework:spring-web;5.1.13.RELEASE;Apache-2.0;;java;https://mvnrepository.com/artifact/org.springframework/spring-web
org.springframework:spring-webmvc;3.0.5.RELEASE;Apache-2.0;;java;https://mvnrepository.com/artifact/org.springframework/spring-webmvc
@babel/runtime;7.0.0;MIT;Copyright (c) 2014-present Sebastian McKenzie and other contributors;nodejs;https://www.npmjs.com/package/@babel/runtime
@babel/runtime;7.10.5;MIT;Copyright (c) 2014-present Sebastian McKenzie and other contributors;nodejs;https://www.npmjs.com/package/@babel/runtime
@boundlessgeo/jsonix;2.4.3;BSD-3-Clause;Copyright (c) 2014, Alexey Valikov.All rights reserved.;nodejs;https://www.npmjs.com/package/@boundlessgeo/jsonix
@carnesen/checks;0.0.1;MIT;;nodejs;https://www.npmjs.com/package/@carnesen/checks
@carnesen/redux-add-action-listener-enhancer;0.0.1;MIT;;nodejs;https://www.npmjs.com/package/@carnesen/redux-add-action-listener-enhancer
@geosolutions/proj4;2.4.7;MIT;Copyright (c) 2014, Mike Adair, Richard Greenwood, Didier Richard, Stephen Irons, Olivier Terral and Calvin Metcalf;nodejs;https://www.npmjs.com/package/@geosolutions/proj4
@geosolutions/react-joyride;1.10.2;MIT;Copyright (c) 2015-present, Gil Barbara;nodejs;https://www.npmjs.com/package/@geosolutions/react-joyride
@geosolutions/wkt-parser;1.2.2;MIT;;nodejs;https://www.npmjs.com/package/@geosolutions/wkt-parser
@icons/material;0.2.4;MIT;Copyright (c) 2020 Case Sandberg;nodejs;https://www.npmjs.com/package/@icons/material
@mapbox/geojson-area;0.2.2;BSD-2-Clause;Copyright 2005-2013 OpenLayers Contributors. All rights reserved. Seeauthors.txt for full list.;nodejs;https://www.npmjs.com/package/@mapbox/geojson-area
@mapbox/geojsonhint;2.0.1;ISC;Copyright 2017 Mapbox;nodejs;https://www.npmjs.com/package/@mapbox/geojsonhint
@mapbox/togeojson;0.16.0;BSD-2-Clause;Copyright (c) 2016 Mapbox All rights reserved.;nodejs;https://www.npmjs.com/package/@mapbox/togeojson
@terrestris/base-util;0.2.3;BSD-2-Clause;;nodejs;https://www.npmjs.com/package/@terrestris/base-util
@terrestris/ol-util;3.0.1;BSD-2-Clause;;nodejs;https://www.npmjs.com/package/@terrestris/ol-util
@turf/along;5.1.5;MIT;Copyright (c) 2019 Morgan Herlocker;nodejs;https://www.npmjs.com/package/@turf/along
@turf/area;4.1.0;MIT;Copyright (c) 2019 Morgan Herlocker;nodejs;https://www.npmjs.com/package/@turf/area
@turf/area;5.1.5;MIT;Copyright (c) 2019 Morgan Herlocker;nodejs;https://www.npmjs.com/package/@turf/area
@turf/bbox;4.1.0;MIT;Copyright (c) 2019 Morgan Herlocker;nodejs;https://www.npmjs.com/package/@turf/bbox
@turf/bbox;4.7.3;MIT;Copyright (c) 2019 Morgan Herlocker;nodejs;https://www.npmjs.com/package/@turf/bbox
@turf/bbox;5.1.5;MIT;Copyright (c) 2019 Morgan Herlocker;nodejs;https://www.npmjs.com/package/@turf/bbox
@turf/bbox-clip;5.1.5;MIT;Copyright (c) 2019 Morgan Herlocker;nodejs;https://www.npmjs.com/package/@turf/bbox-clip
@turf/bbox-polygon;5.1.5;MIT;Copyright (c) 2019 Morgan Herlocker;nodejs;https://www.npmjs.com/package/@turf/bbox-polygon
@turf/bearing;5.1.5;MIT;Copyright (c) 2019 Morgan Herlocker;nodejs;https://www.npmjs.com/package/@turf/bearing
@turf/bearing;6.0.1;MIT;Copyright (c) 2019 Morgan Herlocker;nodejs;https://www.npmjs.com/package/@turf/bearing
@turf/bezier-spline;5.1.5;MIT;Copyright (c) 2019 Morgan Herlocker;nodejs;https://www.npmjs.com/package/@turf/bezier-spline
@turf/boolean-clockwise;5.1.5;MIT;Copyright (c) 2019 Morgan Herlocker;nodejs;https://www.npmjs.com/package/@turf/boolean-clockwise
@turf/boolean-contains;5.1.5;MIT;Copyright (c) 2019 Morgan Herlocker;nodejs;https://www.npmjs.com/package/@turf/boolean-contains
@turf/boolean-crosses;5.1.5;MIT;Copyright (c) 2019 Morgan Herlocker;nodejs;https://www.npmjs.com/package/@turf/boolean-crosses
@turf/boolean-disjoint;5.1.6;MIT;Copyright (c) 2019 Morgan Herlocker;nodejs;https://www.npmjs.com/package/@turf/boolean-disjoint
@turf/boolean-equal;5.1.5;MIT;Copyright (c) 2019 Morgan Herlocker;nodejs;https://www.npmjs.com/package/@turf/boolean-equal
@turf/boolean-overlap;5.1.5;MIT;Copyright (c) 2019 Morgan Herlocker;nodejs;https://www.npmjs.com/package/@turf/boolean-overlap
@turf/boolean-parallel;5.1.5;MIT;Copyright (c) 2019 Morgan Herlocker;nodejs;https://www.npmjs.com/package/@turf/boolean-parallel
@turf/boolean-point-in-polygon;5.1.5;MIT;Copyright (c) 2019 Morgan Herlocker;nodejs;https://www.npmjs.com/package/@turf/boolean-point-in-polygon
@turf/boolean-point-on-line;5.1.5;MIT;Copyright (c) 2019 Morgan Herlocker;nodejs;https://www.npmjs.com/package/@turf/boolean-point-on-line
@turf/boolean-within;5.1.5;MIT;Copyright (c) 2019 Morgan Herlocker;nodejs;https://www.npmjs.com/package/@turf/boolean-within
@turf/buffer;5.1.5;MIT;Copyright (c) 2019 Morgan Herlocker;nodejs;https://www.npmjs.com/package/@turf/buffer
@turf/center;4.7.3;MIT;Copyright (c) 2019 Morgan Herlocker;nodejs;https://www.npmjs.com/package/@turf/center
@turf/center;5.1.5;MIT;Copyright (c) 2019 Morgan Herlocker;nodejs;https://www.npmjs.com/package/@turf/center
@turf/center-mean;5.1.5;MIT;Copyright (c) 2019 Morgan Herlocker;nodejs;https://www.npmjs.com/package/@turf/center-mean
@turf/center-median;5.1.5;MIT;Copyright (c) 2019 Morgan Herlocker;nodejs;https://www.npmjs.com/package/@turf/center-median
@turf/center-of-mass;5.1.5;MIT;Copyright (c) 2019 Morgan Herlocker;nodejs;https://www.npmjs.com/package/@turf/center-of-mass
@turf/centroid;5.1.5;MIT;Copyright (c) 2019 Morgan Herlocker;nodejs;https://www.npmjs.com/package/@turf/centroid
@turf/circle;5.1.5;MIT;Copyright (c) 2019 Morgan Herlocker;nodejs;https://www.npmjs.com/package/@turf/circle
@turf/circle;6.0.1;MIT;Copyright (c) 2019 Morgan Herlocker;nodejs;https://www.npmjs.com/package/@turf/circle
@turf/clean-coords;5.1.5;MIT;Copyright (c) 2019 Morgan Herlocker;nodejs;https://www.npmjs.com/package/@turf/clean-coords
@turf/clone;5.1.5;MIT;Copyright (c) 2019 Morgan Herlocker;nodejs;https://www.npmjs.com/package/@turf/clone
@turf/clone;6.0.2;MIT;Copyright (c) 2019 Morgan Herlocker;nodejs;https://www.npmjs.com/package/@turf/clone
@turf/clusters;5.1.5;MIT;Copyright (c) 2019 Morgan Herlocker;nodejs;https://www.npmjs.com/package/@turf/clusters
@turf/clusters-dbscan;5.1.5;MIT;Copyright (c) 2019 Morgan Herlocker;nodejs;https://www.npmjs.com/package/@turf/clusters-dbscan
@turf/clusters-kmeans;5.1.5;MIT;Copyright (c) 2019 Morgan Herlocker;nodejs;https://www.npmjs.com/package/@turf/clusters-kmeans
@turf/collect;5.1.5;MIT;Copyright (c) 2019 Morgan Herlocker;nodejs;https://www.npmjs.com/package/@turf/collect
@turf/combine;5.1.5;MIT;Copyright (c) 2019 Morgan Herlocker;nodejs;https://www.npmjs.com/package/@turf/combine
@turf/concave;5.1.5;MIT;Copyright (c) 2019 Morgan Herlocker;nodejs;https://www.npmjs.com/package/@turf/concave
@turf/convex;5.1.5;MIT;Copyright (c) 2019 Morgan Herlocker;nodejs;https://www.npmjs.com/package/@turf/convex
@turf/destination;5.1.5;MIT;Copyright (c) 2019 Morgan Herlocker;nodejs;https://www.npmjs.com/package/@turf/destination
@turf/destination;6.0.1;MIT;Copyright (c) 2019 Morgan Herlocker;nodejs;https://www.npmjs.com/package/@turf/destination
@turf/difference;5.1.5;MIT;Copyright (c) 2019 Morgan Herlocker;nodejs;https://www.npmjs.com/package/@turf/difference
@turf/dissolve;5.1.5;MIT;Copyright (c) 2019 Morgan Herlocker;nodejs;https://www.npmjs.com/package/@turf/dissolve
@turf/distance;4.7.3;MIT;Copyright (c) 2019 Morgan Herlocker;nodejs;https://www.npmjs.com/package/@turf/distance
@turf/distance;5.1.5;MIT;Copyright (c) 2019 Morgan Herlocker;nodejs;https://www.npmjs.com/package/@turf/distance
@turf/distance;6.0.1;MIT;Copyright (c) 2019 Morgan Herlocker;nodejs;https://www.npmjs.com/package/@turf/distance
@turf/ellipse;5.1.5;MIT;Copyright (c) 2019 Morgan Herlocker;nodejs;https://www.npmjs.com/package/@turf/ellipse
@turf/envelope;5.1.5;MIT;Copyright (c) 2019 Morgan Herlocker;nodejs;https://www.npmjs.com/package/@turf/envelope
@turf/explode;4.7.3;MIT;Copyright (c) 2019 Morgan Herlocker;nodejs;https://www.npmjs.com/package/@turf/explode
@turf/explode;5.1.5;MIT;Copyright (c) 2019 Morgan Herlocker;nodejs;https://www.npmjs.com/package/@turf/explode
@turf/flatten;5.1.5;MIT;Copyright (c) 2019 Morgan Herlocker;nodejs;https://www.npmjs.com/package/@turf/flatten
@turf/flip;5.1.5;MIT;Copyright (c) 2019 Morgan Herlocker;nodejs;https://www.npmjs.com/package/@turf/flip
@turf/great-circle;5.1.5;MIT;Copyright (c) 2019 Morgan Herlocker;nodejs;https://www.npmjs.com/package/@turf/great-circle
@turf/helpers;4.7.3;MIT;Copyright (c) 2019 Morgan Herlocker;nodejs;https://www.npmjs.com/package/@turf/helpers
@turf/helpers;5.1.5;MIT;Copyright (c) 2019 Morgan Herlocker;nodejs;https://www.npmjs.com/package/@turf/helpers
@turf/helpers;6.1.4;MIT;Copyright (c) 2019 Morgan Herlocker;nodejs;https://www.npmjs.com/package/@turf/helpers
@turf/hex-grid;5.1.5;MIT;Copyright (c) 2019 Morgan Herlocker;nodejs;https://www.npmjs.com/package/@turf/hex-grid
@turf/inside;4.1.0;MIT;Copyright (c) 2019 Morgan Herlocker;nodejs;https://www.npmjs.com/package/@turf/inside
@turf/interpolate;5.1.5;MIT;Copyright (c) 2019 Morgan Herlocker;nodejs;https://www.npmjs.com/package/@turf/interpolate
@turf/intersect;5.1.6;MIT;Copyright (c) 2019 Morgan Herlocker;nodejs;https://www.npmjs.com/package/@turf/intersect
@turf/invariant;4.7.3;MIT;Copyright (c) 2019 Morgan Herlocker;nodejs;https://www.npmjs.com/package/@turf/invariant
@turf/invariant;5.1.5;MIT;Copyright (c) 2019 Morgan Herlocker;nodejs;https://www.npmjs.com/package/@turf/invariant
@turf/invariant;5.2.0;MIT;Copyright (c) 2019 Morgan Herlocker;nodejs;https://www.npmjs.com/package/@turf/invariant
@turf/invariant;6.1.2;MIT;Copyright (c) 2019 Morgan Herlocker;nodejs;https://www.npmjs.com/package/@turf/invariant
@turf/isobands;5.1.5;MIT;Copyright (c) 2019 Morgan Herlocker;nodejs;https://www.npmjs.com/package/@turf/isobands
@turf/isolines;5.1.5;MIT;Copyright (c) 2019 Morgan Herlocker;nodejs;https://www.npmjs.com/package/@turf/isolines
@turf/kinks;5.1.5;MIT;Copyright (c) 2019 Morgan Herlocker;nodejs;https://www.npmjs.com/package/@turf/kinks
@turf/length;5.1.5;MIT;Copyright (c) 2019 Morgan Herlocker;nodejs;https://www.npmjs.com/package/@turf/length
@turf/line-arc;5.1.5;MIT;Copyright (c) 2019 Morgan Herlocker;nodejs;https://www.npmjs.com/package/@turf/line-arc
@turf/line-chunk;5.1.5;MIT;Copyright (c) 2019 Morgan Herlocker;nodejs;https://www.npmjs.com/package/@turf/line-chunk
@turf/line-intersect;4.1.0;MIT;Copyright (c) 2019 Morgan Herlocker;nodejs;https://www.npmjs.com/package/@turf/line-intersect
@turf/line-intersect;5.1.5;MIT;Copyright (c) 2019 Morgan Herlocker;nodejs;https://www.npmjs.com/package/@turf/line-intersect
@turf/line-offset;5.1.5;MIT;Copyright (c) 2019 Morgan Herlocker;nodejs;https://www.npmjs.com/package/@turf/line-offset
@turf/line-overlap;5.1.5;MIT;Copyright (c) 2019 Morgan Herlocker;nodejs;https://www.npmjs.com/package/@turf/line-overlap
@turf/line-segment;4.7.3;MIT;Copyright (c) 2019 Morgan Herlocker;nodejs;https://www.npmjs.com/package/@turf/line-segment
@turf/line-segment;5.1.5;MIT;Copyright (c) 2019 Morgan Herlocker;nodejs;https://www.npmjs.com/package/@turf/line-segment
@turf/line-slice;5.1.5;MIT;Copyright (c) 2019 Morgan Herlocker;nodejs;https://www.npmjs.com/package/@turf/line-slice
@turf/line-slice-along;5.1.5;MIT;Copyright (c) 2019 Morgan Herlocker;nodejs;https://www.npmjs.com/package/@turf/line-slice-along
@turf/line-split;5.1.5;MIT;Copyright (c) 2019 Morgan Herlocker;nodejs;https://www.npmjs.com/package/@turf/line-split
@turf/line-to-polygon;5.1.5;MIT;Copyright (c) 2019 Morgan Herlocker;nodejs;https://www.npmjs.com/package/@turf/line-to-polygon
@turf/mask;5.1.5;MIT;Copyright (c) 2019 Morgan Herlocker;nodejs;https://www.npmjs.com/package/@turf/mask
@turf/meta;4.7.4;MIT;Copyright (c) 2019 Morgan Herlocker;nodejs;https://www.npmjs.com/package/@turf/meta
@turf/meta;5.1.6;MIT;Copyright (c) 2019 Morgan Herlocker;nodejs;https://www.npmjs.com/package/@turf/meta
@turf/meta;5.2.0;MIT;Copyright (c) 2019 Morgan Herlocker;nodejs;https://www.npmjs.com/package/@turf/meta
@turf/meta;6.0.2;MIT;Copyright (c) 2019 Morgan Herlocker;nodejs;https://www.npmjs.com/package/@turf/meta
@turf/midpoint;5.1.5;MIT;Copyright (c) 2019 Morgan Herlocker;nodejs;https://www.npmjs.com/package/@turf/midpoint
@turf/nearest-point;5.1.5;MIT;Copyright (c) 2019 Morgan Herlocker;nodejs;https://www.npmjs.com/package/@turf/nearest-point
@turf/nearest-point-on-line;5.1.5;MIT;Copyright (c) 2019 Morgan Herlocker;nodejs;https://www.npmjs.com/package/@turf/nearest-point-on-line
@turf/nearest-point-to-line;5.1.6;MIT;Copyright (c) 2019 Morgan Herlocker;nodejs;https://www.npmjs.com/package/@turf/nearest-point-to-line
@turf/planepoint;5.1.5;MIT;Copyright (c) 2019 Morgan Herlocker;nodejs;https://www.npmjs.com/package/@turf/planepoint
@turf/point-grid;5.1.5;MIT;Copyright (c) 2019 Morgan Herlocker;nodejs;https://www.npmjs.com/package/@turf/point-grid
@turf/point-on-feature;5.1.5;MIT;Copyright (c) 2019 Morgan Herlocker;nodejs;https://www.npmjs.com/package/@turf/point-on-feature
@turf/point-on-surface;4.1.0;MIT;Copyright (c) 2019 Morgan Herlocker;nodejs;https://www.npmjs.com/package/@turf/point-on-surface
@turf/point-to-line-distance;5.1.6;MIT;Copyright (c) 2019 Morgan Herlocker;nodejs;https://www.npmjs.com/package/@turf/point-to-line-distance
@turf/points-within-polygon;5.1.5;MIT;Copyright (c) 2019 Morgan Herlocker;nodejs;https://www.npmjs.com/package/@turf/points-within-polygon
@turf/polygon-tangents;5.1.5;MIT;Copyright (c) 2019 Morgan Herlocker;nodejs;https://www.npmjs.com/package/@turf/polygon-tangents
@turf/polygon-to-line;5.1.5;MIT;Copyright (c) 2019 Morgan Herlocker;nodejs;https://www.npmjs.com/package/@turf/polygon-to-line
@turf/polygon-to-linestring;4.1.0;MIT;Copyright (c) 2019 Morgan Herlocker;nodejs;https://www.npmjs.com/package/@turf/polygon-to-linestring
@turf/polygonize;5.1.5;MIT;Copyright (c) 2019 Morgan Herlocker;nodejs;https://www.npmjs.com/package/@turf/polygonize
@turf/projection;5.1.5;MIT;Copyright (c) 2019 Morgan Herlocker;nodejs;https://www.npmjs.com/package/@turf/projection
@turf/projection;6.0.1;MIT;Copyright (c) 2019 Morgan Herlocker;nodejs;https://www.npmjs.com/package/@turf/projection
@turf/random;5.1.5;MIT;Copyright (c) 2019 Morgan Herlocker;nodejs;https://www.npmjs.com/package/@turf/random
@turf/rewind;5.1.5;MIT;Copyright (c) 2019 Morgan Herlocker;nodejs;https://www.npmjs.com/package/@turf/rewind
@turf/rhumb-bearing;5.1.5;MIT;Copyright (c) 2019 Morgan Herlocker;nodejs;https://www.npmjs.com/package/@turf/rhumb-bearing
@turf/rhumb-bearing;6.0.1;MIT;Copyright (c) 2019 Morgan Herlocker;nodejs;https://www.npmjs.com/package/@turf/rhumb-bearing
@turf/rhumb-destination;5.1.5;MIT;Copyright (c) 2019 Morgan Herlocker;nodejs;https://www.npmjs.com/package/@turf/rhumb-destination
@turf/rhumb-distance;5.1.5;MIT;Copyright (c) 2019 Morgan Herlocker;nodejs;https://www.npmjs.com/package/@turf/rhumb-distance
@turf/rhumb-distance;6.0.1;MIT;Copyright (c) 2019 Morgan Herlocker;nodejs;https://www.npmjs.com/package/@turf/rhumb-distance
@turf/sample;5.1.5;MIT;Copyright (c) 2019 Morgan Herlocker;nodejs;https://www.npmjs.com/package/@turf/sample
@turf/sector;5.1.5;MIT;Copyright (c) 2019 Morgan Herlocker;nodejs;https://www.npmjs.com/package/@turf/sector
@turf/shortest-path;5.1.5;MIT;Copyright (c) 2019 Morgan Herlocker;nodejs;https://www.npmjs.com/package/@turf/shortest-path
@turf/simplify;5.1.5;MIT;Copyright (c) 2019 Morgan Herlocker;nodejs;https://www.npmjs.com/package/@turf/simplify
@turf/square;5.1.5;MIT;Copyright (c) 2019 Morgan Herlocker;nodejs;https://www.npmjs.com/package/@turf/square
@turf/square-grid;5.1.5;MIT;Copyright (c) 2019 Morgan Herlocker;nodejs;https://www.npmjs.com/package/@turf/square-grid
@turf/standard-deviational-ellipse;5.1.5;MIT;Copyright (c) 2019 Morgan Herlocker;nodejs;https://www.npmjs.com/package/@turf/standard-deviational-ellipse
@turf/tag;5.1.5;MIT;Copyright (c) 2019 Morgan Herlocker;nodejs;https://www.npmjs.com/package/@turf/tag
@turf/tesselate;5.1.5;MIT;Copyright (c) 2019 Morgan Herlocker;nodejs;https://www.npmjs.com/package/@turf/tesselate
@turf/tin;5.1.5;MIT;Copyright (c) 2019 Morgan Herlocker;nodejs;https://www.npmjs.com/package/@turf/tin
@turf/transform-rotate;5.1.5;MIT;Copyright (c) 2019 Morgan Herlocker;nodejs;https://www.npmjs.com/package/@turf/transform-rotate
@turf/transform-scale;5.1.5;MIT;Copyright (c) 2019 Morgan Herlocker;nodejs;https://www.npmjs.com/package/@turf/transform-scale
@turf/transform-translate;5.1.5;MIT;Copyright (c) 2019 Morgan Herlocker;nodejs;https://www.npmjs.com/package/@turf/transform-translate
@turf/triangle-grid;5.1.5;MIT;Copyright (c) 2019 Morgan Herlocker;nodejs;https://www.npmjs.com/package/@turf/triangle-grid
@turf/truncate;5.1.5;MIT;Copyright (c) 2019 Morgan Herlocker;nodejs;https://www.npmjs.com/package/@turf/truncate
@turf/turf;5.1.6;MIT;Copyright (c) 2019 Morgan Herlocker;nodejs;https://www.npmjs.com/package/@turf/turf
@turf/union;5.1.5;MIT;Copyright (c) 2019 Morgan Herlocker;nodejs;https://www.npmjs.com/package/@turf/union
@turf/unkink-polygon;5.1.5;MIT;Copyright (c) 2019 Morgan Herlocker;nodejs;https://www.npmjs.com/package/@turf/unkink-polygon
@turf/voronoi;5.1.5;MIT;Copyright (c) 2019 Morgan Herlocker;nodejs;https://www.npmjs.com/package/@turf/voronoi
@types/lodash;4.14.158;MIT;Copyrights are respective of each contributor listed at the beginning of each definition file;nodejs;https://www.npmjs.com/package/@types/lodash
@types/loglevel;1.6.3;MIT;;nodejs;https://www.npmjs.com/package/@types/loglevel
@types/url-parse;1.4.3;MIT;Copyrights are respective of each contributor listed at the beginning of each definition file;nodejs;https://www.npmjs.com/package/@types/url-parse
@types/url-search-params;1.1.0;MIT;Copyrights are respective of each contributor listed at the beginning of each definition file;nodejs;https://www.npmjs.com/package/@types/url-search-params
@types/validator;13.1.0;MIT;Copyrights are respective of each contributor listed at the beginning of each definition file;nodejs;https://www.npmjs.com/package/@types/validator
add-dom-event-listener;1.1.0;MIT;Copyright (c) 2014-present yiminghe;nodejs;https://www.npmjs.com/package/add-dom-event-listener
adler32cs;github:chick307/adler32cs.js#7fd00ffa24bf173a1eeb987ce7a21ae214eff658;MIT;Copyright (c) 2013-2018 chick307 <chick307@gmail.com>;nodejs;https://www.npmjs.com/package/adler32cs
ag-grid;3.3.3;MIT;Copyright 2008 Google Inc.;nodejs;https://www.npmjs.com/package/ag-grid
ajv;5.5.2;MIT;Copyright (c) 2015-2017 Evgeny Poberezkin;nodejs;https://www.npmjs.com/package/ajv
ajv;6.12.3;MIT;Copyright (c) 2015-2017 Evgeny Poberezkin;nodejs;https://www.npmjs.com/package/ajv
ajv-keywords;3.5.1;MIT;Copyright (c) 2016 Evgeny Poberezkin;nodejs;https://www.npmjs.com/package/ajv-keywords
amdefine;0.1.1;BSD-3-Clause;Copyright (c) 2011-2016, The Dojo FoundationAll rights reserved.;nodejs;https://www.npmjs.com/package/amdefine
ansi-regex;2.1.1;MIT;Copyright (c) Sindre Sorhus <sindresorhus@gmail.com> (sindresorhus.com);nodejs;https://www.npmjs.com/package/ansi-regex
ansi-styles;1.0.0;MIT;Copyright (c) Sindre Sorhus <sindresorhus@gmail.com> (sindresorhus.com);nodejs;https://www.npmjs.com/package/ansi-styles
ansi-styles;2.2.1;MIT;Copyright (c) Sindre Sorhus <sindresorhus@gmail.com> (sindresorhus.com);nodejs;https://www.npmjs.com/package/ansi-styles
ansi-styles;3.2.1;MIT;Copyright (c) Sindre Sorhus <sindresorhus@gmail.com> (sindresorhus.com);nodejs;https://www.npmjs.com/package/ansi-styles
asap;2.0.6;MIT;Copyright 2009–2014 Contributors. All rights reserved.;nodejs;https://www.npmjs.com/package/asap
attr-accept;1.1.3;MIT;Copyright (c) 2015 Andrey Okonetchnikov;nodejs;https://www.npmjs.com/package/attr-accept
axios;0.18.1;MIT;Copyright (c) 2014-present Matt Zabriskie;nodejs;https://www.npmjs.com/package/axios
b64-to-blob;1.2.19;CC0-1.0;;nodejs;https://www.npmjs.com/package/b64-to-blob
babel-code-frame;6.26.0;MIT;Copyright (c) 2014-present Sebastian McKenzie and other contributors;nodejs;https://www.npmjs.com/package/babel-code-frame
babel-generator;6.26.1;MIT;Copyright (c) 2014-present Sebastian McKenzie and other contributors;nodejs;https://www.npmjs.com/package/babel-generator
babel-messages;6.23.0;MIT;Copyright (c) 2014-present Sebastian McKenzie and other contributors;nodejs;https://www.npmjs.com/package/babel-messages
babel-polyfill;6.8.0;MIT;Copyright (c) 2014-present Sebastian McKenzie and other contributors;nodejs;https://www.npmjs.com/package/babel-polyfill
babel-regenerator-runtime;6.5.0;BSD-3-Clause;;nodejs;https://www.npmjs.com/package/babel-regenerator-runtime
babel-runtime;6.26.0;MIT;Copyright (c) 2014-present Sebastian McKenzie and other contributors;nodejs;https://www.npmjs.com/package/babel-runtime
babel-standalone;6.7.7;MIT;Copyright (c) 2015 Daniel Lo Nigro;nodejs;https://www.npmjs.com/package/babel-standalone
babel-template;6.26.0;MIT;Copyright (c) 2014-present Sebastian McKenzie and other contributors;nodejs;https://www.npmjs.com/package/babel-template
babel-traverse;6.26.0;MIT;Copyright (c) 2014-present Sebastian McKenzie and other contributors;nodejs;https://www.npmjs.com/package/babel-traverse
babel-types;6.26.0;MIT;Copyright (c) 2014-present Sebastian McKenzie and other contributors;nodejs;https://www.npmjs.com/package/babel-types
babylon;6.18.0;MIT;Copyright (C) 2012-2014 by various contributors (see AUTHORS);nodejs;https://www.npmjs.com/package/babylon
balanced-match;0.4.2;MIT;"Copyright (c) 2013 Julian Gruber &lt;julian@juliangruber.com&gt;";nodejs;https://www.npmjs.com/package/balanced-match
balanced-match;1.0.0;MIT;"Copyright (c) 2013 Julian Gruber &lt;julian@juliangruber.com&gt;";nodejs;https://www.npmjs.com/package/balanced-match
batch-processor;1.0.0;MIT;Copyright (c) 2015 Lucas Wiener;nodejs;https://www.npmjs.com/package/batch-processor
big.js;5.2.2;MIT;"Copyright c 2020 Michael Mclaughlin https:github.comMikeMclbig.jsLICENCE.md  ;function GLOBAL { use strict; var Big,   EDITABLE DEFAULTS   The default values below must be integers within the stated ranges";nodejs;https://www.npmjs.com/package/big.js
bluebird;3.5.1;MIT;Copyright (c) 2013-2018 Petka Antonov;nodejs;https://www.npmjs.com/package/bluebird
bootstrap;3.3.5;MIT;Copyright (c) 2011-2021 Twitter, Inc.Copyright (c) 2011-2021 The Bootstrap Authors;nodejs;https://www.npmjs.com/package/bootstrap
canvas-to-blob;0.0.0;MIT;Copyright (c) 2014 Zach Bruggeman;nodejs;https://www.npmjs.com/package/canvas-to-blob
canvg-browser;1.0.0;MIT;;nodejs;https://www.npmjs.com/package/canvg-browser
cesium;1.17.0;Apache-2.0;Copyright 2011-2020 CesiumJS Contributors;nodejs;https://www.npmjs.com/package/cesium
cf-blob.js;0.0.1;ISC;Copyright Copyright 2014 [Eli Grey][1].;nodejs;https://www.npmjs.com/package/cf-blob.js
chain-function;1.0.1;MIT;Copyright (c) 2015 Jason Quense;nodejs;https://www.npmjs.com/package/chain-function
chalk;0.4.0;MIT;Copyright (c) Sindre Sorhus <sindresorhus@gmail.com> (sindresorhus.com);nodejs;https://www.npmjs.com/package/chalk
chalk;1.1.3;MIT;Copyright (c) Sindre Sorhus <sindresorhus@gmail.com> (sindresorhus.com);nodejs;https://www.npmjs.com/package/chalk
chalk;2.4.2;MIT;Copyright (c) Sindre Sorhus <sindresorhus@gmail.com> (sindresorhus.com);nodejs;https://www.npmjs.com/package/chalk
change-emitter;0.1.6;MIT;;nodejs;https://www.npmjs.com/package/change-emitter
chroma-js;1.3.7;Apache-2.0;Copyright (c) 2011-2019, Gregor AischAll rights reserved.;nodejs;https://www.npmjs.com/package/chroma-js
classnames;1.2.2;MIT;Copyright (c) 2018 Jed Watson;nodejs;https://www.npmjs.com/package/classnames
classnames;2.2.5;MIT;Copyright (c) 2018 Jed Watson;nodejs;https://www.npmjs.com/package/classnames
classnames;2.2.6;MIT;Copyright (c) 2018 Jed Watson;nodejs;https://www.npmjs.com/package/classnames
clone;2.1.2;MIT;Copyright Copyright 2011-2015 Paul Vorbach <paul@vorba.ch>;nodejs;https://www.npmjs.com/package/clone
clsx;1.1.1;MIT;Copyright (c) Luke Edwards <luke.edwards05@gmail.com> (lukeed.com);nodejs;https://www.npmjs.com/package/clsx
co;4.6.0;MIT;"Copyright (c) 2014 TJ Holowaychuk &lt;tj@vision-media.ca&gt;";nodejs;https://www.npmjs.com/package/co
code-point-at;1.1.0;MIT;Copyright (c) Sindre Sorhus <sindresorhus@gmail.com> (sindresorhus.com);nodejs;https://www.npmjs.com/package/code-point-at
codemirror;5.18.2;MIT;Copyright (C) 2017 by Marijn Haverbeke <marijnh@gmail.com> and others;nodejs;https://www.npmjs.com/package/codemirror
color-convert;1.9.3;MIT;Copyright (c) 2011-2016 Heather Arthur <fayearthur@gmail.com>.Copyright (c) 2016-2021 Josh Junon <josh@junon.me>.;nodejs;https://www.npmjs.com/package/color-convert
color-name;1.1.3;MIT;;nodejs;https://www.npmjs.com/package/color-name
colorbrewer;1.0.0;Apache-2.0;Copyright (c) 2002 Cynthia Brewer, Mark Harrower, and The Pennsylvania StateUniversity.;nodejs;https://www.npmjs.com/package/colorbrewer
commander;2.8.1;MIT;Copyright (c) 2011 TJ Holowaychuk <tj@vision-media.ca>;nodejs;https://www.npmjs.com/package/commander
component-classes;1.2.6;MIT;;nodejs;https://www.npmjs.com/package/component-classes
component-indexof;0.0.3;MIT;Copyright (c) 2012 TJ Holowaychuk;nodejs;https://www.npmjs.com/package/component-indexof
concat-stream;1.5.2;MIT;Copyright (c) 2013 Max Ogden;nodejs;https://www.npmjs.com/package/concat-stream
concaveman;1.2.0;ISC;Copyright (c) 2016, Mapbox;nodejs;https://www.npmjs.com/package/concaveman
connected-react-router;6.3.2;MIT;Copyright (c) 2016-present Supasate Choochaisri;nodejs;https://www.npmjs.com/package/connected-react-router
convert-source-map;1.7.0;MIT;Copyright 2013 Thorsten Lorenz. All rights reserved.;nodejs;https://www.npmjs.com/package/convert-source-map
copy-to-clipboard;3.3.1;MIT;Copyright (c) 2017 sudodoki <smd.deluzion@gmail.com>;nodejs;https://www.npmjs.com/package/copy-to-clipboard
core-js;1.2.7;MIT;Copyright (c) 2014-2021 Denis Pushkarev;nodejs;https://www.npmjs.com/package/core-js
core-js;2.3.0;MIT;Copyright (c) 2014-2021 Denis Pushkarev;nodejs;https://www.npmjs.com/package/core-js
core-js;2.4.1;MIT;Copyright (c) 2014-2020 Denis Pushkarev;nodejs;https://www.npmjs.com/package/core-js
core-js;2.6.11;MIT;Copyright (c) 2014-2021 Denis Pushkarev;nodejs;https://www.npmjs.com/package/core-js
core-util-is;1.0.2;MIT;Copyright Node.js contributors. All rights reserved.;nodejs;https://www.npmjs.com/package/core-util-is
create-react-class;15.6.3;MIT;Copyright (c) Facebook, Inc. and its affiliates.;nodejs;https://www.npmjs.com/package/create-react-class
create-react-context;0.3.0;MIT;Copyright (c) 2017-present James Kyle <me@thejameskyle.com>;nodejs;https://www.npmjs.com/package/create-react-context
csi-sira;1.0.0;"MIT; Apache-2.0";CSI Piemonte;nodejs;
css-animation;1.6.1;MIT;Copyright (c) 2014-present yiminghe;nodejs;https://www.npmjs.com/package/css-animation
css-element-queries;0.4.0;MIT;Copyright (c) 2013 Marc J. Schmidt;nodejs;https://www.npmjs.com/package/css-element-queries
css-mediaquery;0.1.2;BSD-2-Clause;Copyright 2014 Yahoo! Inc.All rights reserved.;nodejs;https://www.npmjs.com/package/css-mediaquery
css-tree;1.0.0-alpha24;MIT;Copyright (C) 2016-2021 by Roman Dvornov;nodejs;https://www.npmjs.com/package/css-tree
d3-array;1.2.4;BSD-3-Clause;Copyright 2010-2020 Mike BostockAll rights reserved.;nodejs;https://www.npmjs.com/package/d3-array
d3-collection;1.0.7;BSD-3-Clause;Copyright 2010-2016, Mike BostockAll rights reserved.;nodejs;https://www.npmjs.com/package/d3-collection
d3-color;1.4.1;BSD-3-Clause;Copyright 2010-2016 Mike BostockAll rights reserved.;nodejs;https://www.npmjs.com/package/d3-color
d3-format;1.4.4;BSD-3-Clause;Copyright 2010-2015 Mike BostockAll rights reserved.;nodejs;https://www.npmjs.com/package/d3-format
d3-geo;1.7.1;ISC;Copyright 2010-2021 Mike Bostock;nodejs;https://www.npmjs.com/package/d3-geo
d3-interpolate;1.4.0;BSD-3-Clause;Copyright 2010-2016 Mike BostockAll rights reserved.;nodejs;https://www.npmjs.com/package/d3-interpolate
d3-path;1.0.9;BSD-3-Clause;Copyright 2015-2016 Mike BostockAll rights reserved.;nodejs;https://www.npmjs.com/package/d3-path
d3-scale;1.0.4;BSD-3-Clause;Copyright 2010-2021 Mike Bostock;nodejs;https://www.npmjs.com/package/d3-scale
d3-shape;1.0.4;ISC;Copyright 2010-2021 Mike Bostock;nodejs;https://www.npmjs.com/package/d3-shape
d3-time;1.1.0;BSD-3-Clause;Copyright 2010-2016 Mike BostockAll rights reserved.;nodejs;https://www.npmjs.com/package/d3-time
d3-time-format;2.2.3;BSD-3-Clause;Copyright 2010-2017 Mike BostockAll rights reserved.;nodejs;https://www.npmjs.com/package/d3-time-format
d3-voronoi;1.1.2;BSD-3-Clause;Copyright 2010-2016 Mike BostockAll rights reserved.;nodejs;https://www.npmjs.com/package/d3-voronoi
date-arithmetic;3.1.0;MIT;Copyright (c) 2014 Jason Quense;nodejs;https://www.npmjs.com/package/date-arithmetic
dbf;0.1.4;BSD-2-Clause;Copyright (c) 2017, MapboxAll rights reserved.;nodejs;https://www.npmjs.com/package/dbf
debug;2.6.9;MIT;Copyright (c) 2014 TJ Holowaychuk <tj@vision-media.ca>;nodejs;https://www.npmjs.com/package/debug
debug;3.1.0;MIT;Copyright (c) 2014 TJ Holowaychuk <tj@vision-media.ca>;nodejs;https://www.npmjs.com/package/debug
decode-uri-component;0.2.0;MIT;Copyright (c) Sam Verschueren <sam.verschueren@gmail.com> (github.com/SamVerschueren);nodejs;https://www.npmjs.com/package/decode-uri-component
deconstruct-number-format;0.0.1;MIT;Copyright (c) 2015 Dee Lindesay;nodejs;https://www.npmjs.com/package/deconstruct-number-format
decorate-component-with-props;1.1.0;MIT;;nodejs;https://www.npmjs.com/package/decorate-component-with-props
deep-diff;0.3.8;MIT;Copyright (c) 2011-2018 Phillip Clark;nodejs;https://www.npmjs.com/package/deep-diff
deep-equal;1.1.1;MIT;Copyright (c) 2012, 2013, 2014 James Halliday <mail@substack.net>, 2009 Thomas Robinson <280north.com>;nodejs;https://www.npmjs.com/package/deep-equal
deepmerge;4.2.2;MIT;Copyright (c) 2012 James Halliday, Josh Duff, and other contributors;nodejs;https://www.npmjs.com/package/deepmerge
define-properties;1.1.3;MIT;Copyright (C) 2015 Jordan Harband;nodejs;https://www.npmjs.com/package/define-properties
density-clustering;1.3.0;MIT;Copyright Copyright 2013 Abeja Inc.;nodejs;https://www.npmjs.com/package/density-clustering
detect-indent;4.0.0;MIT;Copyright (c) Sindre Sorhus <sindresorhus@gmail.com> (sindresorhus.com);nodejs;https://www.npmjs.com/package/detect-indent
detect-passive-events;1.0.4;MIT;Copyright (c) 2016 Rafael Pedicini;nodejs;https://www.npmjs.com/package/detect-passive-events
disposables;1.0.2;Apache-2.0;Copyright (c) Microsoft Open Technologies, Inc.  All rights reserved.Microsoft Open Technologies would like to thank its contributors, a listof whom are at http://rx.codeplex.com/wikipage?title=Contributors.;nodejs;https://www.npmjs.com/package/disposables
dnd-core;2.6.0;BSD-3-Clause;Copyright (c) 2015 Dan Abramov;nodejs;https://www.npmjs.com/package/dnd-core
doc-path;1.2.0;MIT;Copyright c 2015present, Michael Rodrigues.;nodejs;https://www.npmjs.com/package/doc-path
dom-helpers;2.4.0;MIT;Copyright (c) 2015 Jason Quense;nodejs;https://www.npmjs.com/package/dom-helpers
dom-helpers;3.4.0;MIT;Copyright (c) 2015 Jason Quense;nodejs;https://www.npmjs.com/package/dom-helpers
dom-walk;0.1.2;MIT;Copyright (c) 2012 Raynos.;nodejs;https://www.npmjs.com/package/dom-walk
draft-js;0.11.0;MIT;Copyright (c) Facebook, Inc. and its affiliates.;nodejs;https://www.npmjs.com/package/draft-js
draft-js-buttons;2.0.2;MIT;Copyright (c) 2016 Nikolaus Graf;nodejs;https://www.npmjs.com/package/draft-js-buttons
draft-js-inline-toolbar-plugin;3.0.0;MIT;Copyright (c) 2016 Nikolaus Graf;nodejs;https://www.npmjs.com/package/draft-js-inline-toolbar-plugin
draft-js-plugins-editor;2.1.1;MIT;Copyright (c) 2016 Nikolaus Graf;nodejs;https://www.npmjs.com/package/draft-js-plugins-editor
draft-js-side-toolbar-plugin;3.0.1;MIT;Copyright (c) 2016 Nikolaus Graf;nodejs;https://www.npmjs.com/package/draft-js-side-toolbar-plugin
draftjs-to-html;0.8.4;MIT;Copyright (c) 2016 Jyoti Puri;nodejs;https://www.npmjs.com/package/draftjs-to-html
draftjs-utils;0.9.4;MIT;Copyright (c) 2016 Jyoti Puri;nodejs;https://www.npmjs.com/package/draftjs-utils
earcut;2.2.2;ISC;Copyright (c) 2016, Mapbox;nodejs;https://www.npmjs.com/package/earcut
element-class;0.2.2;ISC;;nodejs;https://www.npmjs.com/package/element-class
element-closest;2.0.2;CC0-1.0;Copyright and Related Rights;nodejs;https://www.npmjs.com/package/element-closest
element-resize-detector;1.2.1;MIT;Copyright (c) 2016 Lucas Wiener;nodejs;https://www.npmjs.com/package/element-resize-detector
emitter-component;1.1.1;MIT;Copyright (c) 2014 Component contributors <dev@component.io>;nodejs;https://www.npmjs.com/package/emitter-component
emojis-list;3.0.0;MIT;Copyright Copyright 2015 Kiko Beats;nodejs;https://www.npmjs.com/package/emojis-list
encoding;0.1.13;MIT;Copyright (c) 2012-2014 Andris Reinman;nodejs;https://www.npmjs.com/package/encoding
es-abstract;1.17.6;MIT;Copyright (C) 2015 Jordan Harband;nodejs;https://www.npmjs.com/package/es-abstract
es-to-primitive;1.2.1;MIT;Copyright (c) 2015 Jordan Harband;nodejs;https://www.npmjs.com/package/es-to-primitive
es6-object-assign;1.1.0;MIT;Copyright (c) 2015-2017 Rubén Norte <rubennorte@gmail.com>;nodejs;https://www.npmjs.com/package/es6-object-assign
es6-promise;2.3.0;MIT;Copyright (c) 2014 Yehuda Katz, Tom Dale, Stefan Penner and contributors;nodejs;https://www.npmjs.com/package/es6-promise
es6-promise;3.0.2;MIT;Copyright (c) 2014 Yehuda Katz, Tom Dale, Stefan Penner and contributors;nodejs;https://www.npmjs.com/package/es6-promise
escape-string-regexp;1.0.5;MIT;Copyright (c) Sindre Sorhus <sindresorhus@gmail.com> (https://sindresorhus.com);nodejs;https://www.npmjs.com/package/escape-string-regexp
esutils;2.0.3;BSD-2-Clause;Copyright (C) 2013 [Yusuke Suzuki](http://github.com/Constellation) (twitter: [@Constellation](http://twitter.com/Constellation)) and other contributors.;nodejs;https://www.npmjs.com/package/esutils
eventemitter3;2.0.3;MIT;Copyright (c) 2014 Arnout Kazemier;nodejs;https://www.npmjs.com/package/eventemitter3
eventlistener;0.0.1;MIT;;nodejs;https://www.npmjs.com/package/eventlistener
exenv;1.2.0;BSD-3-Clause;Copyright (c) 2013-2015, Facebook, Inc.All rights reserved.;nodejs;https://www.npmjs.com/package/exenv
exenv;1.2.2;BSD-3-Clause;Copyright (c) 2013-2015, Facebook, Inc.All rights reserved.;nodejs;https://www.npmjs.com/package/exenv
extend;3.0.2;MIT;Copyright (c) 2014 Stefan Thomas;nodejs;https://www.npmjs.com/package/extend
fast-deep-equal;1.1.0;MIT;Copyright (c) 2017 Evgeny Poberezkin;nodejs;https://www.npmjs.com/package/fast-deep-equal
fast-deep-equal;2.0.1;MIT;Copyright (c) 2017 Evgeny Poberezkin;nodejs;https://www.npmjs.com/package/fast-deep-equal
fast-deep-equal;3.1.3;MIT;Copyright (c) 2017 Evgeny Poberezkin;nodejs;https://www.npmjs.com/package/fast-deep-equal
fast-diff;1.1.2;Apache-2.0;Copyright 2006 Google Inc.http:code.google.compgooglediffmatchpatch;nodejs;https://www.npmjs.com/package/fast-diff
fast-json-stable-stringify;2.1.0;MIT;Copyright (c) 2017 Evgeny PoberezkinCopyright (c) 2013 James Halliday;nodejs;https://www.npmjs.com/package/fast-json-stable-stringify
fbjs;0.8.17;MIT;Copyright (c) 2013-present, Facebook, Inc.;nodejs;https://www.npmjs.com/package/fbjs
fbjs;1.0.0;MIT;Copyright (c) 2013-present, Facebook, Inc.;nodejs;https://www.npmjs.com/package/fbjs
fbjs-css-vars;1.0.2;MIT;Copyright (c) 2013-present, Facebook, Inc.;nodejs;https://www.npmjs.com/package/fbjs-css-vars
file-saver;1.3.3;MIT;Copyright Copyright 2016 [Eli Grey][1].;nodejs;https://www.npmjs.com/package/file-saver
filesaver.js;github:andyinabox/FileSaver.js#973b433b8fbaee9a11d53b9ae423b046742cfe32;MIT;Copyright Copyright 2016 [Eli Grey][1].;nodejs;https://www.npmjs.com/package/filesaver.js
find-with-regex;1.1.3;MIT;Copyright (c) 2016 Nikolaus Graf;nodejs;https://www.npmjs.com/package/find-with-regex
fixed-shp-write;0.3.3;BSD-2-Clause;Copyright (c) 2015, MapboxAll rights reserved.;nodejs;https://www.npmjs.com/package/fixed-shp-write
flat-geo-css;1.0.5;ISC;;nodejs;https://www.npmjs.com/package/flat-geo-css
follow-redirects;1.5.10;MIT;Copyright 2014–present Olivier Lalonde <olalonde@gmail.com>, James Talmage <james@talmage.io>, Ruben Verborgh;nodejs;https://www.npmjs.com/package/follow-redirects
format-number;2.0.2;BSD-3-Clause;Copyright (c) 2017 [Forbes Lindesay](https://github.com/ForbesLindesay);nodejs;https://www.npmjs.com/package/format-number
format-number-with-string;0.0.2;MIT;Copyright (c) 2015 Dee Lindesay;nodejs;https://www.npmjs.com/package/format-number-with-string
fs-extra;3.0.1;MIT;Copyright (c) 2011-2017 JP Richardson;nodejs;https://www.npmjs.com/package/fs-extra
function-bind;1.1.1;MIT;Copyright (c) 2013 Raynos.;nodejs;https://www.npmjs.com/package/function-bind
geojson-equality;0.1.6;MIT;Copyright (c) 2014 Gagan Bansal;nodejs;https://www.npmjs.com/package/geojson-equality
geojson-normalize;0.0.0;ISC;Copyright (c) 2017, Mapbox;nodejs;https://www.npmjs.com/package/geojson-normalize
geojson-rbush;1.2.0;MIT;;nodejs;https://www.npmjs.com/package/geojson-rbush
geojson-rbush;2.1.0;MIT;;nodejs;https://www.npmjs.com/package/geojson-rbush
geostyler-geocss-parser;;BSD-2-Clause;;nodejs;https://github.com/allyoucanmap/geostyler-geocss-parser/tarball/build
geostyler-openlayers-parser;1.1.4;BSD-2-Clause;Copyright (c) 2018, terrestris GmbH & Co. KGAll rights reserved.;nodejs;https://www.npmjs.com/package/geostyler-openlayers-parser
geostyler-sld-parser;2.0.1;BSD-2-Clause;Copyright (c) 2018, terrestris GmbH & Co. KGAll rights reserved.;nodejs;https://www.npmjs.com/package/geostyler-sld-parser
geostyler-style;1.2.1;BSD-2-Clause;;nodejs;https://www.npmjs.com/package/geostyler-style
geostyler-style;2.1.0;BSD-2-Clause;;nodejs;https://www.npmjs.com/package/geostyler-style
get-closest;0.0.4;MIT;Copyright c 20142017 Olivier Scherrer pode.frgmail.com;nodejs;https://www.npmjs.com/package/get-closest
gitbook-plugin-github;2.0.0;Apache-2.0;;nodejs;https://www.npmjs.com/package/gitbook-plugin-github
global;4.3.2;MIT;Copyright (c) 2012 Colingo.;nodejs;https://www.npmjs.com/package/global
globals;9.18.0;MIT;Copyright (c) Sindre Sorhus <sindresorhus@gmail.com> (https://sindresorhus.com);nodejs;https://www.npmjs.com/package/globals
graceful-fs;4.2.4;ISC;Copyright (c) Isaac Z. Schlueter, Ben Noordhuis, and Contributors;nodejs;https://www.npmjs.com/package/graceful-fs
graceful-readlink;1.0.1;MIT;Copyright (c) 2015 Zhiye Li;nodejs;https://www.npmjs.com/package/graceful-readlink
gud;1.0.0;MIT;Copyright (c);nodejs;https://www.npmjs.com/package/gud
hammerjs;2.0.8;MIT;Copyright (C) 2011-2017 by Jorik Tangelder (Eight Media);nodejs;https://www.npmjs.com/package/hammerjs
has;1.0.3;MIT;;nodejs;https://www.npmjs.com/package/has
has-ansi;2.0.0;MIT;Copyright (c) Sindre Sorhus <sindresorhus@gmail.com> (sindresorhus.com);nodejs;https://www.npmjs.com/package/has-ansi
has-color;0.1.7;MIT;Copyright (c) Sindre Sorhus <sindresorhus@gmail.com> (https://sindresorhus.com);nodejs;https://www.npmjs.com/package/has-color
has-flag;3.0.0;MIT;Copyright (c) Sindre Sorhus <sindresorhus@gmail.com> (sindresorhus.com);nodejs;https://www.npmjs.com/package/has-flag
has-symbols;1.0.1;MIT;Copyright (c) 2016 Jordan Harband;nodejs;https://www.npmjs.com/package/has-symbols
history;4.10.1;MIT;Copyright (c) React Training 2016-2018;nodejs;https://www.npmjs.com/package/history
history;4.7.2;MIT;Copyright (c) React Training 2016-2020Copyright (c) Remix Software 2020-2021;nodejs;https://www.npmjs.com/package/history
hoist-non-react-statics;1.2.0;BSD-2-Clause;Copyright (c) 2015, Yahoo! Inc. All rights reserved.----------------------------------------------------;nodejs;https://www.npmjs.com/package/hoist-non-react-statics
hoist-non-react-statics;2.5.5;BSD-3-Clause;Copyright (c) 2015, Yahoo! Inc. All rights reserved.----------------------------------------------------;nodejs;https://www.npmjs.com/package/hoist-non-react-statics
hoist-non-react-statics;3.3.2;BSD-3-Clause;Copyright (c) 2015, Yahoo! Inc. All rights reserved.----------------------------------------------------;nodejs;https://www.npmjs.com/package/hoist-non-react-statics
html-to-draftjs;1.5.0;MIT;Copyright (c) 2016 Jyoti Puri;nodejs;https://www.npmjs.com/package/html-to-draftjs
html2canvas;0.5.0-beta4;MIT;Copyright (c) 2012 Niklas von Hertzen;nodejs;https://www.npmjs.com/package/html2canvas
hyphenate-style-name;1.0.4;BSD-3-Clause;Copyright (c) 2015, Espen HovlandsdalAll rights reserved.;nodejs;https://www.npmjs.com/package/hyphenate-style-name
iconv-lite;0.4.24;MIT;Copyright (c) 2011 Alexander Shtuchkin;nodejs;https://www.npmjs.com/package/iconv-lite
iconv-lite;0.6.2;MIT;Copyright (c) 2011 Alexander Shtuchkin;nodejs;https://www.npmjs.com/package/iconv-lite
ieee754;1.1.13;BSD-3-Clause;Copyright 2008 Fair Oaks Labs, Inc.;nodejs;https://www.npmjs.com/package/ieee754
immediate;3.0.6;MIT;Copyright (c) 2012 Barnesandnoble.com, llc, Donavon West, Domenic Denicola, Brian Cavalier;nodejs;https://www.npmjs.com/package/immediate
immutable;3.7.6;BSD-3-Clause;Copyright (c) 2014-present, Facebook, Inc.;nodejs;https://www.npmjs.com/package/immutable
immutable;3.8.2;MIT;Copyright (c) 2014-present, Facebook, Inc.;nodejs;https://www.npmjs.com/package/immutable
immutable;4.0.0-rc.12;MIT;Copyright (c) 2014-present, Facebook, Inc.;nodejs;https://www.npmjs.com/package/immutable
inherits;2.0.4;ISC;Copyright (c) Isaac Z. Schlueter;nodejs;https://www.npmjs.com/package/inherits
intersection-observer;0.7.0;W3C-20150513;Copyright 2016 Google Inc. All Rights Reserved.;nodejs;https://www.npmjs.com/package/intersection-observer
intl;1.2.2;MIT;Copyright (c) 2013 Andy Earnshaw;nodejs;https://www.npmjs.com/package/intl
intl-format-cache;2.2.9;BSD-3-Clause;Copyright 2015, Yahoo Inc.Copyrights licensed under the New BSD License.See the accompanying LICENSE file for terms.;nodejs;https://www.npmjs.com/package/intl-format-cache
intl-messageformat;1.3.0;BSD-3-Clause;Copyright 2013 Yahoo! Inc.All rights reserved.;nodejs;https://www.npmjs.com/package/intl-messageformat
intl-messageformat-parser;1.2.0;BSD-3-Clause;Copyright 2014 Yahoo! Inc.All rights reserved.;nodejs;https://www.npmjs.com/package/intl-messageformat-parser
intl-relativeformat;1.3.0;BSD-3-Clause;Copyright 2014 Yahoo! Inc.All rights reserved.;nodejs;https://www.npmjs.com/package/intl-relativeformat
invariant;2.2.4;BSD-3-Clause,MIT;Copyright (c) 2013-present, Facebook, Inc.;nodejs;https://www.npmjs.com/package/invariant
irregular-plurals;1.4.0;MIT;Copyright (c) Sindre Sorhus <sindresorhus@gmail.com> (sindresorhus.com);nodejs;https://www.npmjs.com/package/irregular-plurals
is-arguments;1.0.4;MIT;Copyright (c) 2014 Jordan Harband;nodejs;https://www.npmjs.com/package/is-arguments
is-arrow-function;2.0.3;MIT;Copyright (c) 2013 Jordan Harband;nodejs;https://www.npmjs.com/package/is-arrow-function
is-boolean-object;1.0.1;MIT;Copyright (c) 2015 Jordan Harband;nodejs;https://www.npmjs.com/package/is-boolean-object
is-buffer;1.1.6;MIT;Copyright (c) Feross Aboukhadijeh;nodejs;https://www.npmjs.com/package/is-buffer
is-buffer;2.0.4;MIT;Copyright (c) Feross Aboukhadijeh;nodejs;https://www.npmjs.com/package/is-buffer
is-callable;1.2.0;MIT;Copyright (c) 2015 Jordan Harband;nodejs;https://www.npmjs.com/package/is-callable
is-date-object;1.0.2;MIT;Copyright (c) 2015 Jordan Harband;nodejs;https://www.npmjs.com/package/is-date-object
is-equal;1.5.5;MIT;Copyright (c) 2014 Jordan Harband;nodejs;https://www.npmjs.com/package/is-equal
is-finite;1.1.0;MIT;Copyright (c) Sindre Sorhus <sindresorhus@gmail.com> (sindresorhus.com);nodejs;https://www.npmjs.com/package/is-finite
is-fullwidth-code-point;1.0.0;MIT;Copyright (c) Sindre Sorhus <sindresorhus@gmail.com> (sindresorhus.com);nodejs;https://www.npmjs.com/package/is-fullwidth-code-point
is-generator-function;1.0.7;MIT;Copyright (c) 2014 Jordan Harband;nodejs;https://www.npmjs.com/package/is-generator-function
is-number-object;1.0.4;MIT;Copyright (c) 2015 Jordan Harband;nodejs;https://www.npmjs.com/package/is-number-object
is-regex;1.1.0;MIT;Copyright (c) 2014 Jordan Harband;nodejs;https://www.npmjs.com/package/is-regex
is-stream;1.1.0;MIT;Copyright (c) Sindre Sorhus <sindresorhus@gmail.com> (https://sindresorhus.com);nodejs;https://www.npmjs.com/package/is-stream
is-string;1.0.5;MIT;Copyright (c) 2015 Jordan Harband;nodejs;https://www.npmjs.com/package/is-string
is-symbol;1.0.3;MIT;Copyright (c) 2015 Jordan Harband;nodejs;https://www.npmjs.com/package/is-symbol
isarray;0.0.1;MIT;Copyright (c) 2013 Julian Gruber <julian@juliangruber.com>;nodejs;https://www.npmjs.com/package/isarray
isarray;1.0.0;MIT;Copyright (c) 2013 Julian Gruber <julian@juliangruber.com>;nodejs;https://www.npmjs.com/package/isarray
ismobilejs;0.5.0;MIT;Copyright (c) 2019 Kai Mallea;nodejs;https://www.npmjs.com/package/ismobilejs
isomorphic-fetch;2.2.1;MIT;Copyright (c) 2015 Matt Andrews;nodejs;https://www.npmjs.com/package/isomorphic-fetch
istanbul-instrumenter-loader;3.0.1;MIT;Copyright JS Foundation and other contributors;nodejs;https://www.npmjs.com/package/istanbul-instrumenter-loader
istanbul-lib-coverage;1.2.1;BSD-3-Clause;Copyright 20122015, Yahoo Inc.Copyrights licensed under the New BSD License. See the accompanying LICENSE file for terms.;nodejs;https://www.npmjs.com/package/istanbul-lib-coverage
istanbul-lib-instrument;1.10.2;BSD-3-Clause;Copyright 20122015, Yahoo Inc.Copyrights licensed under the New BSD License. See the accompanying LICENSE file for terms.;nodejs;https://www.npmjs.com/package/istanbul-lib-instrument
jdataview;2.5.0;WTFPL;Copyright (c) 2018 jDataView;nodejs;https://www.npmjs.com/package/jdataview
js-tokens;3.0.2;MIT;Copyright (c) 2014, 2015, 2016, 2017, 2018, 2019, 2020 Simon Lydell;nodejs;https://www.npmjs.com/package/js-tokens
js-tokens;4.0.0;MIT;Copyright (c) 2014, 2015, 2016, 2017, 2018, 2019, 2020 Simon Lydell;nodejs;https://www.npmjs.com/package/js-tokens
jsesc;1.3.0;MIT;;nodejs;https://www.npmjs.com/package/jsesc
json-2-csv;2.1.2;MIT;Copyright (c) 2014-2020 Michael Rodrigues;nodejs;https://www.npmjs.com/package/json-2-csv
json-loader;0.5.7;MIT;Copyright JS Foundation and other contributors;nodejs;https://www.npmjs.com/package/json-loader
json-schema-traverse;0.3.1;MIT;Copyright (c) 2017 Evgeny Poberezkin;nodejs;https://www.npmjs.com/package/json-schema-traverse
json-schema-traverse;0.4.1;MIT;Copyright (c) 2017 Evgeny Poberezkin;nodejs;https://www.npmjs.com/package/json-schema-traverse
json5;1.0.1;MIT;Copyright (c) 2012-2018 Aseem Kishore, and [others].;nodejs;https://www.npmjs.com/package/json5
jsonfile;3.0.1;MIT;Copyright (c) 2012-2015, JP Richardson <jprichardson@gmail.com>;nodejs;https://www.npmjs.com/package/jsonfile
jsonix;2.4.1;BSD-3-Clause;Copyright (c) 2014, Alexey Valikov.All rights reserved.;nodejs;https://www.npmjs.com/package/jsonix
jsonlint-lines;1.7.1;MIT;Copyright (C) 2012 Zachary Carter;nodejs;https://www.npmjs.com/package/jsonlint-lines
jsonlint-mod;1.7.5;MIT;Copyright (C) 2012 Zachary Carter;nodejs;https://www.npmjs.com/package/jsonlint-mod
jsonp;0.2.1;MIT;;nodejs;https://www.npmjs.com/package/jsonp
jspdf;1.3.4;MIT;Copyright(c) 2010-2021 James Hall, https://github.com/MrRio/jsPDF(c) 2015-2021 yWorks GmbH, https://www.yworks.com/;nodejs;https://www.npmjs.com/package/jspdf
jspdf-autotable;2.1.0;MIT;Copyright (c) 2014 Simon Bengtsson, https://github.com/simonbengtsson/jspdf-autotable;nodejs;https://www.npmjs.com/package/jspdf-autotable
jsts;1.1.2;EPL-1.0,SSPL-1.0;;nodejs;https://www.npmjs.com/package/jsts
JSV;4.0.2;MIT;;nodejs;https://www.npmjs.com/package/JSV
jszip;2.5.0;MIT;;nodejs;https://www.npmjs.com/package/jszip
jszip;2.6.1;MIT;;nodejs;https://www.npmjs.com/package/jszip
jszip;3.1.5;MIT;;nodejs;https://www.npmjs.com/package/jszip
keycharm;0.2.0;Apache-2.0;;nodejs;https://www.npmjs.com/package/keycharm
keycode;2.2.0;MIT;Copyright (c) 2014 Tim Oxley;nodejs;https://www.npmjs.com/package/keycode
keymirror;0.1.1;Apache-2.0;Copyright 20132014 Facebook, Inc.;nodejs;https://www.npmjs.com/package/keymirror
leaflet;0.7.7;BSD-2-Clause;Copyright (c) 2010-2021, Vladimir Agafonkin;nodejs;https://www.npmjs.com/package/leaflet
leaflet;1.3.1;BSD-2-Clause;Copyright (c) 2010-2021, Vladimir Agafonkin;nodejs;https://www.npmjs.com/package/leaflet
leaflet-draw;1.0.2;MIT;Copyright c 20102013, Christian Johansen, christiancjohansen.noAll rights reserved.;nodejs;https://www.npmjs.com/package/leaflet-draw
leaflet-extra-markers;1.0.6;MIT;Copyright (c) 2014 coryasilva;nodejs;https://www.npmjs.com/package/leaflet-extra-markers
leaflet-minimap;3.6.0;BSD-2-Clause;Copyright (c) 2012, Norkart ASAll rights reserved.;nodejs;https://www.npmjs.com/package/leaflet-minimap
leaflet-plugins;3.0.2;MIT;Copyright (c) 2011-2015, Pavel Shramov, Bruno Bergot;nodejs;https://www.npmjs.com/package/leaflet-plugins
leaflet-simple-graticule;1.0.2;MIT;Copyright (c) 2014-2015, Andrew Blakey;nodejs;https://www.npmjs.com/package/leaflet-simple-graticule
leaflet.gridlayer.googlemutant;0.6.4;Beerware;;nodejs;https://www.npmjs.com/package/leaflet.gridlayer.googlemutant
leaflet.locatecontrol;0.62.0;MIT;Copyright (c) 2014 Dominik Moritz;nodejs;https://www.npmjs.com/package/leaflet.locatecontrol
leaflet.nontiledlayer;1.0.7;ISC;Copyright (c) 2016-17, PTV Group;nodejs;https://www.npmjs.com/package/leaflet.nontiledlayer
lie;3.1.1;MIT;;nodejs;https://www.npmjs.com/package/lie
lineclip;1.1.5;ISC;Copyright (c) 2015, Mapbox;nodejs;https://www.npmjs.com/package/lineclip
linkify-it;2.2.0;MIT;Copyright (c) 2015 Vitaly Puzrin.;nodejs;https://www.npmjs.com/package/linkify-it
load-script;1.0.0;MIT;;nodejs;https://www.npmjs.com/package/load-script
loader-utils;1.4.0;MIT;Copyright JS Foundation and other contributors;nodejs;https://www.npmjs.com/package/loader-utils
lodash;4.17.19;MIT;Copyright JS Foundation and other contributors <https://js.foundation/>;nodejs;https://www.npmjs.com/package/lodash
lodash-es;4.17.15;MIT;Copyright JS Foundation and other contributors <https://js.foundation/>;nodejs;https://www.npmjs.com/package/lodash-es
lodash._getnative;3.9.1;MIT;Copyright JS Foundation and other contributors <https://js.foundation/>;nodejs;https://www.npmjs.com/package/lodash._getnative
lodash.assign;4.2.0;MIT;Copyright JS Foundation and other contributors <https://js.foundation/>;nodejs;https://www.npmjs.com/package/lodash.assign
lodash.clonedeep;4.5.0;MIT;Copyright JS Foundation and other contributors <https://js.foundation/>;nodejs;https://www.npmjs.com/package/lodash.clonedeep
lodash.debounce;3.1.1;MIT;Copyright JS Foundation and other contributors <https://js.foundation/>;nodejs;https://www.npmjs.com/package/lodash.debounce
lodash.isarguments;3.1.0;MIT;Copyright JS Foundation and other contributors <https://js.foundation/>;nodejs;https://www.npmjs.com/package/lodash.isarguments
lodash.isarray;3.0.4;MIT;Copyright JS Foundation and other contributors <https://js.foundation/>;nodejs;https://www.npmjs.com/package/lodash.isarray
lodash.isequal;4.5.0;MIT;Copyright JS Foundation and other contributors <https://js.foundation/>;nodejs;https://www.npmjs.com/package/lodash.isequal
lodash.keys;3.1.2;MIT;Copyright JS Foundation and other contributors <https://js.foundation/>;nodejs;https://www.npmjs.com/package/lodash.keys
lodash.once;4.1.1;MIT;Copyright JS Foundation and other contributors <https://js.foundation/>;nodejs;https://www.npmjs.com/package/lodash.once
log-symbols;1.0.2;MIT;Copyright (c) Sindre Sorhus <sindresorhus@gmail.com> (https://sindresorhus.com);nodejs;https://www.npmjs.com/package/log-symbols
loglevel;1.6.8;MIT;Copyright c 2013 Tim PerryLicensed under the MIT license.;nodejs;https://www.npmjs.com/package/loglevel
loose-envify;1.4.0;MIT;Copyright (c) 2015 Andres Suarez <zertosh@gmail.com>;nodejs;https://www.npmjs.com/package/loose-envify
lru-cache;2.7.3;ISC;Copyright (c) Isaac Z. Schlueter and Contributors;nodejs;https://www.npmjs.com/package/lru-cache
lrucache;1.0.3;MIT;Copyright (c) 2014-2017 zensh;nodejs;https://www.npmjs.com/package/lrucache
make-event-props;1.2.0;MIT;Copyright (c) 2018-2021 Wojciech Maj;nodejs;https://www.npmjs.com/package/make-event-props
matchmedia;0.1.2;MIT;Copyright (c) 2015 Iced Development;nodejs;https://www.npmjs.com/package/matchmedia
material-colors;1.2.6;ISC;Copyright 2014 Shuhei Kagawa;nodejs;https://www.npmjs.com/package/material-colors
math-expression-evaluator;1.2.22;MIT;Copyright (c) 2015 Ankit G.;nodejs;https://www.npmjs.com/package/math-expression-evaluator
mdn-data;1.2.0;CC0-1.0;Copyright and Related Rights;nodejs;https://www.npmjs.com/package/mdn-data
merge-class-names;1.3.0;MIT;Copyright (c) 2017-2021 Wojciech Maj;nodejs;https://www.npmjs.com/package/merge-class-names
mgrs;1.0.0;MIT;;nodejs;https://www.npmjs.com/package/mgrs
min-document;2.19.0;MIT;Copyright (c) 2013 Colingo.;nodejs;https://www.npmjs.com/package/min-document
minimist;1.2.0;MIT;;nodejs;https://www.npmjs.com/package/minimist
moment;2.21.0;MIT;Copyright (c) JS Foundation and other contributors;nodejs;https://www.npmjs.com/package/moment
moo;0.5.1;BSD-3-Clause;Copyright (c) 2017, Tim Radvan (tjvr)All rights reserved.;nodejs;https://www.npmjs.com/package/moo
ms;2.0.0;MIT;;nodejs;https://www.npmjs.com/package/ms
nanoid;2.1.11;MIT;Copyright 2017 Andrey Sitnik <andrey@sitnik.ru>;nodejs;https://www.npmjs.com/package/nanoid
nested-property;0.0.7;MIT;Copyright c 20142020 Olivier Scherrer pode.frgmail.com;nodejs;https://www.npmjs.com/package/nested-property
node-ensure;0.0.0;MIT;;nodejs;https://www.npmjs.com/package/node-ensure
node-fetch;1.7.3;MIT;Copyright (c) 2016 - 2020 Node Fetch Team;nodejs;https://www.npmjs.com/package/node-fetch
node-geo-distance;1.2.0;MIT;;nodejs;https://www.npmjs.com/package/node-geo-distance
nomnom;1.8.1;MIT;Copyright (c) 2010 Heather Arthur;nodejs;https://www.npmjs.com/package/nomnom
nouislider;9.2.0;MIT;Copyright (c) 2019 Léon Gersen;nodejs;https://www.npmjs.com/package/nouislider
number-is-nan;1.0.1;MIT;Copyright (c) Sindre Sorhus <sindresorhus@gmail.com> (sindresorhus.com);nodejs;https://www.npmjs.com/package/number-is-nan
object-assign;4.1.1;MIT;Copyright (c) Sindre Sorhus <sindresorhus@gmail.com> (sindresorhus.com);nodejs;https://www.npmjs.com/package/object-assign
object-fit-images;3.2.4;MIT;Copyright (c) Federico Brigante <opensource@bfred.it> (bfred.it);nodejs;https://www.npmjs.com/package/object-fit-images
object-inspect;1.8.0;MIT;Copyright (c) 2013 James Halliday;nodejs;https://www.npmjs.com/package/object-inspect
object-is;1.1.2;MIT;Copyright (c) 2014 Jordan Harband;nodejs;https://www.npmjs.com/package/object-is
object-keys;1.1.1;MIT;Copyright (C) 2013 Jordan Harband;nodejs;https://www.npmjs.com/package/object-keys
object.assign;4.1.0;MIT;Copyright (c) 2014 Jordan Harband;nodejs;https://www.npmjs.com/package/object.assign
object.entries;1.1.2;MIT;Copyright (c) 2015 Jordan Harband;nodejs;https://www.npmjs.com/package/object.entries
ogc-schemas;2.6.1;BSD-2-Clause;Copyright (c) 2014, highsourceAll rights reserved.;nodejs;https://www.npmjs.com/package/ogc-schemas
ol;5.3.0;BSD-2-Clause;Copyright 2005-present, OpenLayers ContributorsAll rights reserved.;nodejs;https://www.npmjs.com/package/ol
pako;0.2.9;MIT;Copyright (C) 2014-2017 by Vitaly Puzrin and Andrei Tuputcyn;nodejs;https://www.npmjs.com/package/pako
pako;1.0.11;MIT;Copyright (C) 2014-2017 by Vitaly Puzrin and Andrei Tuputcyn;nodejs;https://www.npmjs.com/package/pako
parchment;1.1.4;BSD-3-Clause;Copyright (c) 2015, Jason ChenAll rights reserved.;nodejs;https://www.npmjs.com/package/parchment
parsedbf;1.0.0;MIT;Copyright (c) 2013 Calvin Metcalf;nodejs;https://www.npmjs.com/package/parsedbf
path-to-regexp;1.8.0;MIT;Copyright (c) 2014 Blake Embrey (hello@blakeembrey.com);nodejs;https://www.npmjs.com/package/path-to-regexp
pbf;3.1.0;BSD-3-Clause;Copyright (c) 2017, MapboxAll rights reserved.;nodejs;https://www.npmjs.com/package/pbf
pdfjs-dist;2.1.266;Apache-2.0;Copyright 2021 Mozilla Foundation;nodejs;https://www.npmjs.com/package/pdfjs-dist
pdfviewer;0.3.2;MIT;Copyright (c) 2015 teambition;nodejs;https://www.npmjs.com/package/pdfviewer
performance-now;2.1.0;MIT;;nodejs;https://www.npmjs.com/package/performance-now
pixelworks;1.1.0;MIT;;nodejs;https://www.npmjs.com/package/pixelworks
platform;1.3.6;MIT;Copyright 2014-2020 Benjamin TanCopyright 2011-2013 John-David Dalton;nodejs;https://www.npmjs.com/package/platform
plur;2.1.2;MIT;Copyright (c) Sindre Sorhus <sindresorhus@gmail.com> (https://sindresorhus.com);nodejs;https://www.npmjs.com/package/plur
point-in-polygon;1.0.1;MIT;Copyright (c) 2016 James Halliday;nodejs;https://www.npmjs.com/package/point-in-polygon
popper.js;1.16.1;MIT;Copyright (c) 2019 Federico Zivolo;nodejs;https://www.npmjs.com/package/popper.js
prelude-extension;0.1.0;ISC;;nodejs;https://www.npmjs.com/package/prelude-extension
prelude-ls;1.1.2;MIT;Copyright (c) George Zahariev;nodejs;https://www.npmjs.com/package/prelude-ls
process;0.11.10;MIT;Copyright (c) 2013 Roman Shtylman <shtylman@gmail.com>;nodejs;https://www.npmjs.com/package/process
process;0.5.2;MIT;Copyright (c) 2013 Roman Shtylman <shtylman@gmail.com>;nodejs;https://www.npmjs.com/package/process
process-nextick-args;1.0.7;MIT;;nodejs;https://www.npmjs.com/package/process-nextick-args
proj4;2.6.2;MIT;Copyright (c) 2014, Mike Adair, Richard Greenwood, Didier Richard, Stephen Irons, Olivier Terral and Calvin Metcalf;nodejs;https://www.npmjs.com/package/proj4
promise;7.3.1;MIT;Copyright (c) 2014 Forbes Lindesay;nodejs;https://www.npmjs.com/package/promise
promise-polyfill;8.1.3;MIT;Copyright (c) 2014 Taylor HakesCopyright (c) 2014 Forbes Lindesay;nodejs;https://www.npmjs.com/package/promise-polyfill
prop-types;15.5.10;MIT;Copyright (c) 2013-present, Facebook, Inc.;nodejs;https://www.npmjs.com/package/prop-types
prop-types;15.7.2;MIT;Copyright (c) 2013-present, Facebook, Inc.;nodejs;https://www.npmjs.com/package/prop-types
prop-types-extra;1.1.1;MIT;Copyright (c) 2015 react-bootstrap;nodejs;https://www.npmjs.com/package/prop-types-extra
propagating-hammerjs;1.4.7;MIT;Copyright (c) 2014-2020 Jos de Jong;nodejs;https://www.npmjs.com/package/propagating-hammerjs
protocol-buffers-schema;3.5.1;MIT;Copyright (c) 2014 Mathias Buus;nodejs;https://www.npmjs.com/package/protocol-buffers-schema
punycode;1.3.2;MIT;;nodejs;https://www.npmjs.com/package/punycode
punycode;2.1.1;MIT;;nodejs;https://www.npmjs.com/package/punycode
qr.js;0.0.0;MIT;Copyright (c) 2013 Roman Shtylman;nodejs;https://www.npmjs.com/package/qr.js
qrcode.react;0.9.3;ISC;Copyright (c) 2015, Paul O’Shannessy;nodejs;https://www.npmjs.com/package/qrcode.react
query-string;6.9.0;MIT;Copyright (c) Sindre Sorhus <sindresorhus@gmail.com> (http://sindresorhus.com);nodejs;https://www.npmjs.com/package/query-string
querystring;0.2.0;MIT;Copyright 2012 Irakli Gozalishvili;nodejs;https://www.npmjs.com/package/querystring
querystringify;2.1.1;MIT;Copyright (c) 2015 Unshift.io, Arnout Kazemier,  the Contributors.;nodejs;https://www.npmjs.com/package/querystringify
quickselect;1.1.1;MIT;Copyright (c) 2019 Mortex;nodejs;https://www.npmjs.com/package/quickselect
quickselect;2.0.0;ISC;Copyright (c) 2019 Mortex;nodejs;https://www.npmjs.com/package/quickselect
quill;1.3.7;BSD-3-Clause;Copyright (c) 2017, SlabCopyright (c) 2014, Jason ChenCopyright (c) 2013, salesforce.comAll rights reserved.;nodejs;https://www.npmjs.com/package/quill
quill-delta;3.6.3;MIT;Copyright (c) 2014 Jason Chen;nodejs;https://www.npmjs.com/package/quill-delta
raf;3.4.1;MIT;Copyright 2013 Chris Dickinson <chris@neversaw.us>;nodejs;https://www.npmjs.com/package/raf
raf-schd;4.0.2;MIT;Copyright (c) 2021 Alex Reardon;nodejs;https://www.npmjs.com/package/raf-schd
rafl;1.2.2;MIT;;nodejs;https://www.npmjs.com/package/rafl
rbush;2.0.2;MIT;Copyright (c) 2016 Vladimir Agafonkin;nodejs;https://www.npmjs.com/package/rbush
rbush;3.0.1;MIT;Copyright (c) 2016 Vladimir Agafonkin;nodejs;https://www.npmjs.com/package/rbush
rc-animate;2.11.1;MIT;Copyright (c) 2014-present yiminghe;nodejs;https://www.npmjs.com/package/rc-animate
rc-tree;1.5.0;MIT;Copyright (c) 2015-present Alipay.com, https://www.alipay.com/;nodejs;https://www.npmjs.com/package/rc-tree
rc-util;4.21.1;MIT;Copyright (c) 2014-present yimingheCopyright (c) 2015-present Alipay.com, https://www.alipay.com/;nodejs;https://www.npmjs.com/package/rc-util
react;16.10.1;MIT;Copyright (c) Facebook, Inc. and its affiliates.;nodejs;https://www.npmjs.com/package/react
react-addons-css-transition-group;15.6.2;MIT;Copyright (c) Facebook, Inc. and its affiliates.;nodejs;https://www.npmjs.com/package/react-addons-css-transition-group
react-addons-shallow-compare;15.6.2;MIT;Copyright (c) Facebook, Inc. and its affiliates.;nodejs;https://www.npmjs.com/package/react-addons-shallow-compare
react-addons-update;0.14.8;MIT;Copyright (c) Facebook, Inc. and its affiliates.;nodejs;https://www.npmjs.com/package/react-addons-update
react-addons-update;15.6.2;MIT;Copyright (c) Facebook, Inc. and its affiliates.;nodejs;https://www.npmjs.com/package/react-addons-update
react-autobind;1.0.6;MIT;Copyright (c) 2016 Cássio Souza;nodejs;https://www.npmjs.com/package/react-autobind
react-bootstrap;0.30.10;MIT;Copyright (c) 2014-present Stephen J. Collings, Matthew Honnibal, Pieter Vanderwerff;nodejs;https://www.npmjs.com/package/react-bootstrap
react-bootstrap;0.31.0;MIT;Copyright (c) 2014-present Stephen J. Collings, Matthew Honnibal, Pieter Vanderwerff;nodejs;https://www.npmjs.com/package/react-bootstrap
react-checkbox-tree;1.5.1;MIT;Copyright (c) 2017 Jake Zatecky;nodejs;https://www.npmjs.com/package/react-checkbox-tree
react-codemirror2;4.0.0;MIT;Copyright (c) 2020   Sal Niro;nodejs;https://www.npmjs.com/package/react-codemirror2
react-color;2.17.0;MIT;Copyright (c) 2015 Case Sandberg;nodejs;https://www.npmjs.com/package/react-color
react-confirm-button;0.0.2;MIT;;nodejs;https://www.npmjs.com/package/react-confirm-button
react-container-dimensions;1.3.2;MIT;Copyright (c) 2016 Andrey Okonetchnikov;nodejs;https://www.npmjs.com/package/react-container-dimensions
react-contenteditable;3.3.2;Apache-2.0;Copyright 2017 Ophir LOJKINE;nodejs;https://www.npmjs.com/package/react-contenteditable
react-context-toolbox;2.0.2;MIT;Copyright (c) 2018 4Catalyzer;nodejs;https://www.npmjs.com/package/react-context-toolbox
react-copy-to-clipboard;5.0.0;MIT;Copyright (c) 2016 Nik Butenko;nodejs;https://www.npmjs.com/package/react-copy-to-clipboard
react-data-grid;5.0.4;MIT;;nodejs;https://www.npmjs.com/package/react-data-grid
react-data-grid-addons;5.0.4;MIT;;nodejs;https://www.npmjs.com/package/react-data-grid-addons
react-dnd;2.6.0;BSD-3-Clause;Copyright (c) 2015 Dan Abramov;nodejs;https://www.npmjs.com/package/react-dnd
react-dnd-html5-backend;2.6.0;BSD-3-Clause;Copyright (c) 2015 Dan Abramov;nodejs;https://www.npmjs.com/package/react-dnd-html5-backend
react-dnd-test-backend;2.6.0;MIT;Copyright (c) 2015 Dan Abramov;nodejs;https://www.npmjs.com/package/react-dnd-test-backend
react-dock;0.2.4;MIT;Copyright (c) 2015 Alexander Kuznetsov;nodejs;https://www.npmjs.com/package/react-dock
react-dom;0.14.9;MIT;Copyright (c) Facebook, Inc. and its affiliates.;nodejs;https://www.npmjs.com/package/react-dom
react-dom;16.10.1;MIT;Copyright (c) Facebook, Inc. and its affiliates.;nodejs;https://www.npmjs.com/package/react-dom
react-dom-factories;1.0.2;MIT;Copyright (c) Facebook, Inc. and its affiliates.;nodejs;https://www.npmjs.com/package/react-dom-factories
react-draft-wysiwyg;1.13.2;MIT;Copyright (c) 2016 Jyoti Puri;nodejs;https://www.npmjs.com/package/react-draft-wysiwyg
react-draggable;2.2.6;MIT;"Copyright (c) 2014-2016 Matt Zabriskie. All rights reserved. Permission is hereby granted, free of charge, to any person obtaining acopy of this software and associated documentation files (the ""Software""), to deal in the Software without restriction, including without limitation the rights to use, copy, modify, merge, publish, distribute, sublicense, and/or sell copies of the Software, and to permit persons to whom the Software is furnished to do so, subject to the following conditions: The above copyright notice and this permission notice shall be included inall copies or substantial portions of the Software. THE SOFTWARE IS PROVIDED ""AS IS"", WITHOUT WARRANTY OF ANY KIND, EXPRESS ORIMPLIED, INCLUDING BUT NOT LIMITED TO THE WARRANTIES OF MERCHANTABILITY, FITNESS FOR A PARTICULAR PURPOSE AND NONINFRINGEMENT. IN NO EVENT SHALL THEAUTHORS OR COPYRIGHT HOLDERS BE LIABLE FOR ANY CLAIM, DAMAGES OR OTHER LIABILITY, WHETHER IN AN ACTION OF CONTRACT, TORT OR OTHERWISE, ARISING FROM, OUT OF OR IN CONNECTION WITH THE SOFTWARE OR THE USE OR OTHER DEALINGS IN THE SOFTWARE.";nodejs;https://www.npmjs.com/package/react-draggable
react-draggable;3.3.2;MIT;"Copyright (c) 2014-2016 Matt Zabriskie. All rights reserved. Permission is hereby granted, free of charge, to any person obtaining acopy of this software and associated documentation files (the ""Software""), to deal in the Software without restriction, including without limitation the rights to use, copy, modify, merge, publish, distribute, sublicense, and/or sell copies of the Software, and to permit persons to whom the Software is furnished to do so, subject to the following conditions: The above copyright notice and this permission notice shall be included inall copies or substantial portions of the Software. THE SOFTWARE IS PROVIDED ""AS IS"", WITHOUT WARRANTY OF ANY KIND, EXPRESS ORIMPLIED, INCLUDING BUT NOT LIMITED TO THE WARRANTIES OF MERCHANTABILITY, FITNESS FOR A PARTICULAR PURPOSE AND NONINFRINGEMENT. IN NO EVENT SHALL THEAUTHORS OR COPYRIGHT HOLDERS BE LIABLE FOR ANY CLAIM, DAMAGES OR OTHER LIABILITY, WHETHER IN AN ACTION OF CONTRACT, TORT OR OTHERWISE, ARISING FROM, OUT OF OR IN CONNECTION WITH THE SOFTWARE OR THE USE OR OTHER DEALINGS IN THE SOFTWARE.";nodejs;https://www.npmjs.com/package/react-draggable
react-draggable;4.4.3;MIT;"Copyright (c) 2014-2016 Matt Zabriskie. All rights reserved. Permission is hereby granted, free of charge, to any person obtaining acopy of this software and associated documentation files (the ""Software""), to deal in the Software without restriction, including without limitation the rights to use, copy, modify, merge, publish, distribute, sublicense, and/or sell copies of the Software, and to permit persons to whom the Software is furnished to do so, subject to the following conditions: The above copyright notice and this permission notice shall be included inall copies or substantial portions of the Software. THE SOFTWARE IS PROVIDED ""AS IS"", WITHOUT WARRANTY OF ANY KIND, EXPRESS ORIMPLIED, INCLUDING BUT NOT LIMITED TO THE WARRANTIES OF MERCHANTABILITY, FITNESS FOR A PARTICULAR PURPOSE AND NONINFRINGEMENT. IN NO EVENT SHALL THEAUTHORS OR COPYRIGHT HOLDERS BE LIABLE FOR ANY CLAIM, DAMAGES OR OTHER LIABILITY, WHETHER IN AN ACTION OF CONTRACT, TORT OR OTHERWISE, ARISING FROM, OUT OF OR IN CONNECTION WITH THE SOFTWARE OR THE USE OR OTHER DEALINGS IN THE SOFTWARE.";nodejs;https://www.npmjs.com/package/react-draggable
react-dropzone;3.13.1;MIT;Copyright (c) 2018 Param Aggarwal;nodejs;https://www.npmjs.com/package/react-dropzone
react-error-boundary;1.2.5;MIT;Copyright (c) 2020 Brian Vaughn;nodejs;https://www.npmjs.com/package/react-error-boundary
react-event-listener;0.6.6;MIT;;nodejs;https://www.npmjs.com/package/react-event-listener
react-grid-layout;0.16.6;MIT;Copyright (c) 2016 Samuel Reed;nodejs;https://www.npmjs.com/package/react-grid-layout
react-horizontal-scrolling-menu;0.7.3;ISC;Copyright (c) 2018 Alex;nodejs;https://www.npmjs.com/package/react-horizontal-scrolling-menu
react-image-lightbox;4.2.2;MIT;Copyright (c) 2016 Chris Fritz;nodejs;https://www.npmjs.com/package/react-image-lightbox
react-input-autosize;1.1.4;MIT;Copyright (c) 2018 Jed Watson;nodejs;https://www.npmjs.com/package/react-input-autosize
react-input-autosize;2.2.2;MIT;Copyright (c) 2018 Jed Watson;nodejs;https://www.npmjs.com/package/react-input-autosize
react-intersection-observer;8.24.1;MIT;Copyright (c) 2020 React Intersection Observer authors;nodejs;https://www.npmjs.com/package/react-intersection-observer
react-intl;2.3.0;BSD-3-Clause;Copyright 2015, Yahoo Inc.Copyrights licensed under the New BSD License.See the accompanying LICENSE file for terms.;nodejs;https://www.npmjs.com/package/react-intl
react-is;16.13.1;MIT;Copyright (c) Facebook, Inc. and its affiliates.;nodejs;https://www.npmjs.com/package/react-is
react-lifecycles-compat;3.0.4;MIT;Copyright (c) 2013-present, Facebook, Inc.;nodejs;https://www.npmjs.com/package/react-lifecycles-compat
react-modal;1.9.7;MIT;Copyright (c) 2017 Ryan Florence;nodejs;https://www.npmjs.com/package/react-modal
react-notification-system;0.2.14;MIT;Copyright (c) 2015 Igor Prado;nodejs;https://www.npmjs.com/package/react-notification-system
react-nouislider;2.0.1;MIT;Copyright (c) 2015 Algolia;nodejs;https://www.npmjs.com/package/react-nouislider
react-numeric-input;2.2.3;MIT;Copyright (c) 2015 vlad-ignatov;nodejs;https://www.npmjs.com/package/react-numeric-input
react-overlays;0.6.12;MIT;Copyright (c) 2015 react-bootstrap;nodejs;https://www.npmjs.com/package/react-overlays
react-overlays;1.2.0;MIT;Copyright (c) 2015 react-bootstrap;nodejs;https://www.npmjs.com/package/react-overlays
react-pdf;4.0.5;MIT;Copyright (c) 2017–2021 Wojciech Maj;nodejs;https://www.npmjs.com/package/react-pdf
react-player;1.15.3;MIT;Copyright Copyright Pete Cook http://cookpete.com;nodejs;https://www.npmjs.com/package/react-player
react-popper;1.3.7;MIT;Copyright (c) 2018 React Popper authors;nodejs;https://www.npmjs.com/package/react-popper
react-prop-types;0.4.0;MIT;Copyright (c) 2015-present React-Bootstrap;nodejs;https://www.npmjs.com/package/react-prop-types
react-quill;1.1.0;MIT;Copyright (c) 2020, zenoamaro <zenoamaro@gmail.com>;nodejs;https://www.npmjs.com/package/react-quill
react-redux;6.0.0;MIT;Copyright (c) 2015-present Dan Abramov;nodejs;https://www.npmjs.com/package/react-redux
react-resizable;1.10.1;MIT;Copyright (c) 2016-2018 Samuel Reed;nodejs;https://www.npmjs.com/package/react-resizable
react-resize-detector;0.4.1;MIT;Copyright (c) 2016 Denis Rul;nodejs;https://www.npmjs.com/package/react-resize-detector
react-resize-detector;4.2.1;MIT;Copyright (c) 2016 Denis Rul;nodejs;https://www.npmjs.com/package/react-resize-detector
react-responsive;1.3.0;MIT;Copyright (c) 2020 Contra <yo@contra.io>;nodejs;https://www.npmjs.com/package/react-responsive
react-router;4.2.0;MIT;Copyright (c) React Training;nodejs;https://www.npmjs.com/package/react-router
react-router;4.3.1;MIT;Copyright (c) React Training 2016-2018;nodejs;https://www.npmjs.com/package/react-router
react-router-dom;4.2.2;MIT;Copyright (c) React Training;nodejs;https://www.npmjs.com/package/react-router-dom
react-router-redux;5.0.0-alpha.6;MIT;Copyright (c) React Training;nodejs;https://www.npmjs.com/package/react-router-redux
react-scroll-up;1.3.0;MIT;Copyright (c) 2015 Miloš Janda;nodejs;https://www.npmjs.com/package/react-scroll-up
react-select;1.3.0;MIT;Copyright (c) 2021 Jed Watson;nodejs;https://www.npmjs.com/package/react-select
react-selectize;3.0.1;Apache-2.0;Copyright 2016 Furqan Zafar;nodejs;https://www.npmjs.com/package/react-selectize
react-share;1.15.1;MIT;Copyright (c) 2015 Klaus Nygård;nodejs;https://www.npmjs.com/package/react-share
react-side-effect;1.1.0;MIT;Copyright (c) 2015 Dan Abramov;nodejs;https://www.npmjs.com/package/react-side-effect
react-sidebar;2.3.2;MIT;Copyright (c) 2015 Paulus Schoutsen;nodejs;https://www.npmjs.com/package/react-sidebar
react-smooth;0.3.0;MIT;Copyright (c) 2016 recharts;nodejs;https://www.npmjs.com/package/react-smooth
react-sortable-items;0.0.12;MIT;;nodejs;https://www.npmjs.com/package/react-sortable-items
react-spinkit;2.1.2;MIT;Copyright (c) 2014 Kyle Mathews;nodejs;https://www.npmjs.com/package/react-spinkit
react-swipeable;5.5.1;MIT;Copyright (C) 2014-2020 Josh PerezCopyright (C) 2014-2020 Brian Emil HartzCopyright (C) 2020 Formidable Labs, Inc.;nodejs;https://www.npmjs.com/package/react-swipeable
react-swipeable-views;0.12.2;MIT;Copyright (c) 2015 Olivier Tassinari;nodejs;https://www.npmjs.com/package/react-swipeable-views
react-swipeable-views-core;0.11.1;MIT;Copyright (c) 2015 Olivier Tassinari;nodejs;https://www.npmjs.com/package/react-swipeable-views-core
react-swipeable-views-core;0.12.17;MIT;Copyright (c) 2015 Olivier Tassinari;nodejs;https://www.npmjs.com/package/react-swipeable-views-core
react-swipeable-views-utils;0.12.18;MIT;Copyright (c) 2015 Olivier Tassinari;nodejs;https://www.npmjs.com/package/react-swipeable-views-utils
react-textfit;1.1.0;MIT;Copyright (c) 2015 react-textfit;nodejs;https://www.npmjs.com/package/react-textfit
react-transition-group;1.1.3;BSD-3-Clause;Copyright (c) 2018, React CommunityForked from React (https://github.com/facebook/react) Copyright 2013-present, Facebook, Inc.All rights reserved.;nodejs;https://www.npmjs.com/package/react-transition-group
react-transition-group;1.2.1;BSD-3-Clause;Copyright (c) 2018, React CommunityForked from React (https://github.com/facebook/react) Copyright 2013-present, Facebook, Inc.All rights reserved.;nodejs;https://www.npmjs.com/package/react-transition-group
react-twitter-widgets;1.3.0;MIT;;nodejs;https://www.npmjs.com/package/react-twitter-widgets
react-widgets;3.5.0;MIT;Copyright (c) 2014 Jason Quense;nodejs;https://www.npmjs.com/package/react-widgets
reactcss;1.2.3;MIT;Copyright (c) 2015 Case Sandberg;nodejs;https://www.npmjs.com/package/reactcss
readable-stream;2.0.6;MIT;Copyright Node.js contributors. All rights reserved.;nodejs;https://www.npmjs.com/package/readable-stream
recharts;0.22.4;MIT;Copyright (c) 2015 recharts;nodejs;https://www.npmjs.com/package/recharts
recharts-scale;0.3.0;MIT;Copyright (c) 2015 Sen Yang;nodejs;https://www.npmjs.com/package/recharts-scale
recompose;0.24.0;MIT;Copyright (c) 2015-2018 Andrew Clark;nodejs;https://www.npmjs.com/package/recompose
reduce-css-calc;1.3.0;MIT;Copyright (c) 2014 Maxime Thirouin & Joakim Bengtson;nodejs;https://www.npmjs.com/package/reduce-css-calc
reduce-function-call;1.0.3;MIT;Copyright (c) Maxime Thirouin;nodejs;https://www.npmjs.com/package/reduce-function-call
redux;3.6.0;MIT;Copyright (c) 2015-present Dan Abramov;nodejs;https://www.npmjs.com/package/redux
redux;3.7.2;MIT;Copyright (c) 2015-present Dan Abramov;nodejs;https://www.npmjs.com/package/redux
redux-logger;3.0.6;MIT;Copyright (c) 2016 Eugene Rodionov;nodejs;https://www.npmjs.com/package/redux-logger
redux-observable;0.19.0;MIT;Copyright (c) 2016-2018 Ben Lesh, Jay Phelps, and redux-observable contributors.;nodejs;https://www.npmjs.com/package/redux-observable
redux-persist;6.0.0;MIT;Copyright (c) 2017 Zack Story;nodejs;https://www.npmjs.com/package/redux-persist
redux-thunk;0.1.0;MIT;Copyright (c) 2015-present Dan Abramov;nodejs;https://www.npmjs.com/package/redux-thunk
redux-undo;0.5.0;MIT;Copyright (c) 2015 Daniel Bugl;nodejs;https://www.npmjs.com/package/redux-undo
regenerator-runtime;0.11.1;MIT;Copyright (c) 2014-present, Facebook, Inc.;nodejs;https://www.npmjs.com/package/regenerator-runtime
regenerator-runtime;0.12.1;MIT;Copyright (c) 2014-present, Facebook, Inc.;nodejs;https://www.npmjs.com/package/regenerator-runtime
regexp.prototype.flags;1.3.0;MIT;Copyright (C) 2014 Jordan Harband;nodejs;https://www.npmjs.com/package/regexp.prototype.flags
repeat-string;1.6.1;MIT;Copyright (c) 2014-2015, Jon Schlinkert.;nodejs;https://www.npmjs.com/package/repeat-string
repeating;2.0.1;MIT;Copyright (c) Sindre Sorhus <sindresorhus@gmail.com> (sindresorhus.com);nodejs;https://www.npmjs.com/package/repeating
replace-ext;1.0.0;MIT;Copyright (c) 2014-2020 Blaine Bublitz <blaine.bublitz@gmail.com>, Eric Schoffstall <yo@contra.io> and other contributors;nodejs;https://www.npmjs.com/package/replace-ext
requirejs;2.1.22;MIT;Copyright jQuery Foundation and other contributors, https://jquery.org/;nodejs;https://www.npmjs.com/package/requirejs
requires-port;1.0.0;MIT;Copyright (c) 2015 Unshift.io, Arnout Kazemier,  the Contributors.;nodejs;https://www.npmjs.com/package/requires-port
reselect;4.0.0;MIT;Copyright (c) 2015-2018 Reselect Contributors;nodejs;https://www.npmjs.com/package/reselect
resize-observer-polyfill;1.5.0;MIT;Copyright (c) 2016 Denis Rul;nodejs;https://www.npmjs.com/package/resize-observer-polyfill
resolve-pathname;2.2.0;MIT;Copyright (c) Michael Jackson 2016-2018;nodejs;https://www.npmjs.com/package/resolve-pathname
resolve-pathname;3.0.0;MIT;Copyright (c) Michael Jackson 2016-2018;nodejs;https://www.npmjs.com/package/resolve-pathname
resolve-protobuf-schema;2.1.0;MIT;Copyright (c) 2014 Mathias Buus;nodejs;https://www.npmjs.com/package/resolve-protobuf-schema
rgbcolor;0.0.4;MIT;Copyright (c) 2016 Stoyan Stefanov, http://phpied.com/;nodejs;https://www.npmjs.com/package/rgbcolor
robust-predicates;2.0.4;Unlicense;;nodejs;https://www.npmjs.com/package/robust-predicates
rxjs;5.1.1;Apache-2.0;Copyright (c) 2015-2018 Google, Inc., Netflix, Inc., Microsoft Corp. and contributors;nodejs;https://www.npmjs.com/package/rxjs
safe-buffer;5.1.2;MIT;Copyright (c) Feross Aboukhadijeh;nodejs;https://www.npmjs.com/package/safe-buffer
safer-buffer;2.1.2;MIT;Copyright (c) 2018 Nikita Skovoroda <chalkerx@gmail.com>;nodejs;https://www.npmjs.com/package/safer-buffer
sax;1.2.4;ISC;Copyright (c) Isaac Z. Schlueter and Contributors;nodejs;https://www.npmjs.com/package/sax
scheduler;0.16.2;MIT;Copyright (c) Facebook, Inc. and its affiliates.;nodejs;https://www.npmjs.com/package/scheduler
schema-utils;0.3.0;MIT;Copyright JS Foundation and other contributors;nodejs;https://www.npmjs.com/package/schema-utils
schema-utils;0.4.7;MIT;Copyright JS Foundation and other contributors;nodejs;https://www.npmjs.com/package/schema-utils
screenfull;4.0.0;MIT;Copyright (c) Sindre Sorhus <sindresorhus@gmail.com> (sindresorhus.com);nodejs;https://www.npmjs.com/package/screenfull
scriptjs;2.5.9;MIT;Copyright (c) 2011 - 2015 Dustin Diaz <dustin@dustindiaz.com>;nodejs;https://www.npmjs.com/package/scriptjs
scroll;2.0.3;MIT;Copyright 2014 Michael Rhodes;nodejs;https://www.npmjs.com/package/scroll
seamless-immutable;7.1.4;BSD-3-Clause;Copyright (c) 2016, Richard FeldmanAll rights reserved.;nodejs;https://www.npmjs.com/package/seamless-immutable
semver;5.7.1;ISC;Copyright (c) Isaac Z. Schlueter and Contributors;nodejs;https://www.npmjs.com/package/semver
setimmediate;1.0.5;MIT;Copyright (c) 2012 Barnesandnoble.com, llc, Donavon West, and Domenic Denicola;nodejs;https://www.npmjs.com/package/setimmediate
shallowequal;0.2.2;MIT;Copyright (c) 2017 Alberto Leal <mailforalberto@gmail.com> (github.com/dashed);nodejs;https://www.npmjs.com/package/shallowequal
shallowequal;1.1.0;MIT;Copyright (c) 2017 Alberto Leal <mailforalberto@gmail.com> (github.com/dashed);nodejs;https://www.npmjs.com/package/shallowequal
shpjs;3.4.2;MIT;;nodejs;https://www.npmjs.com/package/shpjs
shpjs;3.5.0;MIT;;nodejs;https://www.npmjs.com/package/shpjs
skmeans;0.9.7;MIT;;nodejs;https://www.npmjs.com/package/skmeans
source-map;0.5.7;BSD-3-Clause;Copyright (c) 2009-2011, Mozilla Foundation and contributorsAll rights reserved.;nodejs;https://www.npmjs.com/package/source-map
split-on-first;1.1.0;MIT;Copyright (c) Sindre Sorhus <sindresorhus@gmail.com> (https://sindresorhus.com);nodejs;https://www.npmjs.com/package/split-on-first
stackblur;1.0.0;BSD-2-Clause;;nodejs;https://www.npmjs.com/package/stackblur
stickybits;3.6.6;MIT;Copyright (c) 2016 Dollar Shave Club, Inc.;nodejs;https://www.npmjs.com/package/stickybits
strict-uri-encode;2.0.0;MIT;Copyright (c) Kevin Mårtensson <kevinmartensson@gmail.com> (github.com/kevva);nodejs;https://www.npmjs.com/package/strict-uri-encode
string-width;1.0.2;MIT;Copyright (c) Sindre Sorhus <sindresorhus@gmail.com> (sindresorhus.com);nodejs;https://www.npmjs.com/package/string-width
string.prototype.trimend;1.0.1;MIT;Copyright (c) 2017 Khaled Al-Ansari;nodejs;https://www.npmjs.com/package/string.prototype.trimend
string.prototype.trimstart;1.0.1;MIT;Copyright (c) 2017 Khaled Al-Ansari;nodejs;https://www.npmjs.com/package/string.prototype.trimstart
string_decoder;0.10.31;MIT;;nodejs;https://www.npmjs.com/package/string_decoder
strip-ansi;0.1.1;MIT;Copyright (c) Sindre Sorhus <sindresorhus@gmail.com> (sindresorhus.com);nodejs;https://www.npmjs.com/package/strip-ansi
strip-ansi;3.0.1;MIT;Copyright (c) Sindre Sorhus <sindresorhus@gmail.com> (sindresorhus.com);nodejs;https://www.npmjs.com/package/strip-ansi
supports-color;2.0.0;MIT;Copyright (c) Sindre Sorhus <sindresorhus@gmail.com> (https://sindresorhus.com);nodejs;https://www.npmjs.com/package/supports-color
supports-color;5.5.0;MIT;Copyright (c) Sindre Sorhus <sindresorhus@gmail.com> (https://sindresorhus.com);nodejs;https://www.npmjs.com/package/supports-color
swipe-js-iso;2.0.3;MIT;Copyright (c) 2013-2015 Brad Birdsall;nodejs;https://www.npmjs.com/package/swipe-js-iso
symbol-observable;1.2.0;MIT;Copyright (c) Sindre Sorhus <sindresorhus@gmail.com> (sindresorhus.com)Copyright (c) Ben Lesh <ben@benlesh.com>;nodejs;https://www.npmjs.com/package/symbol-observable
tether;1.4.7;MIT;Copyright (c) 2014-2019 HubSpot, Inc.Copyright (c) 2019-2020 Ship Shape Consulting LLC;nodejs;https://www.npmjs.com/package/tether
text-encoding-polyfill;0.6.7;Unlicense;;nodejs;https://www.npmjs.com/package/text-encoding-polyfill
tiny-invariant;1.1.0;MIT;Copyright (c) 2019 Alexander Reardon;nodejs;https://www.npmjs.com/package/tiny-invariant
tiny-warning;1.0.3;MIT;Copyright (c) 2019 Alexander Reardon;nodejs;https://www.npmjs.com/package/tiny-warning
tinycolor2;1.4.1;MIT;Copyright (c), Brian Grinstead, http://briangrinstead.com;nodejs;https://www.npmjs.com/package/tinycolor2
tinyqueue;2.0.3;ISC;Copyright (c) 2017, Vladimir Agafonkin;nodejs;https://www.npmjs.com/package/tinyqueue
to-fast-properties;1.0.3;MIT;Copyright (c) Petka Antonov              Benjamin Gruenbaum              John-David Dalton              Sindre Sorhus;nodejs;https://www.npmjs.com/package/to-fast-properties
toggle-selection;1.0.6;MIT;Copyright (c) 2017 sudodoki <smd.deluzion@gmail.com>;nodejs;https://www.npmjs.com/package/toggle-selection
topojson-client;3.1.0;ISC;Copyright 2012-2019 Michael Bostock;nodejs;https://www.npmjs.com/package/topojson-client
topojson-server;3.0.1;ISC;Copyright 2012-2019 Michael Bostock;nodejs;https://www.npmjs.com/package/topojson-server
trim;0.0.1;MIT;"Copyright (c) 2012 TJ Holowaychuk &lt;tj@vision-media.ca&gt;";nodejs;https://www.npmjs.com/package/trim
trim-right;1.0.1;MIT;Copyright (c) Sindre Sorhus <sindresorhus@gmail.com> (sindresorhus.com);nodejs;https://www.npmjs.com/package/trim-right
turf-bbox;3.0.10;MIT;Copyright (c) 2019 Morgan Herlocker;nodejs;https://www.npmjs.com/package/turf-bbox
turf-bbox;3.0.12;MIT;Copyright (c) 2019 Morgan Herlocker;nodejs;https://www.npmjs.com/package/turf-bbox
turf-buffer;3.0.10;MIT;Copyright (c) 2014 Morgan Herlocker;nodejs;https://www.npmjs.com/package/turf-buffer
turf-center;3.0.12;MIT;Copyright (c) 2014 Morgan Herlocker;nodejs;https://www.npmjs.com/package/turf-center
turf-combine;3.0.12;MIT;Copyright (c) 2014 Morgan Herlocker;nodejs;https://www.npmjs.com/package/turf-combine
turf-distance;3.0.12;MIT;Copyright (c) 2014 Morgan Herlocker;nodejs;https://www.npmjs.com/package/turf-distance
turf-explode;3.0.12;MIT;Copyright (c) 2014 Morgan Herlocker;nodejs;https://www.npmjs.com/package/turf-explode
turf-helpers;3.0.12;MIT;Copyright (c) 2014 Morgan Herlocker;nodejs;https://www.npmjs.com/package/turf-helpers
turf-inside;3.0.12;MIT;Copyright (c) 2014 Morgan Herlocker;nodejs;https://www.npmjs.com/package/turf-inside
turf-intersect;3.0.10;ISC;;nodejs;https://www.npmjs.com/package/turf-intersect
turf-invariant;3.0.12;ISC;;nodejs;https://www.npmjs.com/package/turf-invariant
turf-jsts;1.2.3;EPL-1.0,SSPL-1.0;;nodejs;https://www.npmjs.com/package/turf-jsts
turf-meta;3.0.12;ISC;;nodejs;https://www.npmjs.com/package/turf-meta
turf-point;2.0.1;MIT;Copyright (c) 2014 Morgan Herlocker;nodejs;https://www.npmjs.com/package/turf-point
turf-point-on-surface;3.0.10;MIT;Copyright (c) 2014 turf;nodejs;https://www.npmjs.com/package/turf-point-on-surface
turf-union;3.0.10;ISC;;nodejs;https://www.npmjs.com/package/turf-union
tween-functions;1.2.0;BSD-2-Clause;Copyright Copyright 2001 Robert PennerAll rights reserved.;nodejs;https://www.npmjs.com/package/tween-functions
typed-styles;0.0.7;MIT;Copyright (c) 2017 Artur Kenzhaev;nodejs;https://www.npmjs.com/package/typed-styles
typedarray;0.0.6;MIT;"Copyright (c) 2012, Joshua Bell   Permission is hereby granted, free of charge, to any person obtaining a copy  of this software and associated documentation files (the ""Software""), to deal  in the Software without restriction, including without limitation the rights  to use, copy, modify, merge, publish, distribute, sublicense, and/or sell  copies of the Software, and to permit persons to whom the Software is  furnished to do so, subject to the following conditions:   The above copyright notice and this permission notice shall be included in  all copies or substantial portions of the Software";nodejs;https://www.npmjs.com/package/typedarray
ua-parser-js;0.7.21;MIT;Copyright  20122021 Faisal Salman ffaisalman.comLicensed under MIT License;nodejs;https://www.npmjs.com/package/ua-parser-js
uc.micro;1.0.6;MIT;Copyright Mathias Bynens <https://mathiasbynens.be/>;nodejs;https://www.npmjs.com/package/uc.micro
uncontrollable;4.1.0;MIT;Copyright (c) 2015 Jason Quense;nodejs;https://www.npmjs.com/package/uncontrollable
uncontrollable;6.2.3;MIT;Copyright (c) 2015 Jason Quense;nodejs;https://www.npmjs.com/package/uncontrollable
underscore;1.10.2;MIT;Copyright (c) 2009-2020 Jeremy Ashkenas, DocumentCloud and InvestigativeReporters & Editors;nodejs;https://www.npmjs.com/package/underscore
underscore;1.6.0;MIT;Copyright (c) 2009-2020 Jeremy Ashkenas, DocumentCloud and InvestigativeReporters & Editors;nodejs;https://www.npmjs.com/package/underscore
underscore;1.8.3;MIT;Copyright (c) 2009-2020 Jeremy Ashkenas, DocumentCloud and InvestigativeReporters & Editors;nodejs;https://www.npmjs.com/package/underscore
union-class-names;1.0.0;MIT;;nodejs;https://www.npmjs.com/package/union-class-names
unist-util-stringify-position;1.1.2;MIT;Copyright (c) 2016 Titus Wormer <tituswormer@gmail.com>;nodejs;https://www.npmjs.com/package/unist-util-stringify-position
universalify;0.1.2;MIT;Copyright (c) 2017, Ryan Zimmerman <opensrc@ryanzim.com>;nodejs;https://www.npmjs.com/package/universalify
uri-js;4.2.2;BSD-2-Clause;Copyright 2011 Gary Court. All rights reserved.;nodejs;https://www.npmjs.com/package/uri-js
url;0.11.0;MIT;Copyright 2014 Joyent, Inc. and other Node contributors.;nodejs;https://www.npmjs.com/package/url
url-parse;1.4.7;MIT;Copyright (c) 2015 Unshift.io, Arnout Kazemier,  the Contributors.;nodejs;https://www.npmjs.com/package/url-parse
url-search-params;1.1.0;MIT;Copyright (C) 2015-2017 Andrea Giammarchi - @WebReflection;nodejs;https://www.npmjs.com/package/url-search-params
util-deprecate;1.0.2;MIT;Copyright (c) 2014 Nathan Rajlich <nathan@tootallnate.net>;nodejs;https://www.npmjs.com/package/util-deprecate
uuid;3.0.1;MIT;Copyright (c) 2010-2020 Robert Kieffer and other contributors;nodejs;https://www.npmjs.com/package/uuid
validator;13.1.1;MIT;Copyright (c) 2018 Chris O'Hara <cohara87@gmail.com>;nodejs;https://www.npmjs.com/package/validator
value-equal;0.4.0;MIT;Copyright (c) Michael Jackson 2016-2018;nodejs;https://www.npmjs.com/package/value-equal
value-equal;1.0.1;MIT;Copyright (c) Michael Jackson 2016-2018;nodejs;https://www.npmjs.com/package/value-equal
vfile;2.0.0;MIT;Copyright (c) 2015 Titus Wormer <tituswormer@gmail.com>;nodejs;https://www.npmjs.com/package/vfile
vfile-reporter;3.0.0;MIT;Copyright (c) 2015 Titus Wormer <tituswormer@gmail.com>Copyright (c) 2013 Nicholas C. Zakas. All rights reserved.;nodejs;https://www.npmjs.com/package/vfile-reporter
vis;4.21.0;Apache-2.0;Copyright (C) 2010-2017 Almende B.V. and Contributors;nodejs;https://www.npmjs.com/package/vis
w3c-schemas;1.3.1;BSD-2-Clause;Copyright (c) 2014, Alexey ValikovAll rights reserved.;nodejs;https://www.npmjs.com/package/w3c-schemas
w3c-schemas;1.4.0;BSD-2-Clause;Copyright (c) 2014, Alexey ValikovAll rights reserved.;nodejs;https://www.npmjs.com/package/w3c-schemas
warning;2.1.0;BSD-2-Clause;Copyright (c) 2013-present, Facebook, Inc.;nodejs;https://www.npmjs.com/package/warning
warning;3.0.0;BSD-3-Clause;Copyright (c) 2013-present, Facebook, Inc.;nodejs;https://www.npmjs.com/package/warning
warning;4.0.3;MIT;Copyright (c) 2013-present, Facebook, Inc.;nodejs;https://www.npmjs.com/package/warning
webfontloader;1.6.28;Apache-2.0;Copyright 2006 The Closure Library Authors. All Rights Reserved.;nodejs;https://www.npmjs.com/package/webfontloader
wellknown;0.5.0;BSD-2-Clause;Copyright (c) 2016, Mapbox;nodejs;https://www.npmjs.com/package/wellknown
wgs84;0.0.0;BSD-2-Clause;;nodejs;https://www.npmjs.com/package/wgs84
whatwg-fetch;3.2.0;MIT;Copyright (c) 2014-2016 GitHub, Inc.;nodejs;https://www.npmjs.com/package/whatwg-fetch
wkt-parser;1.2.4;MIT;Copyright (c) 2014, Mike Adair, Richard Greenwood, Didier Richard, Stephen Irons, Olivier Terral and Calvin Metcalf;nodejs;https://www.npmjs.com/package/wkt-parser
worker-loader;2.0.0;MIT;Copyright JS Foundation and other contributors;nodejs;https://www.npmjs.com/package/worker-loader
x-is-string;0.1.0;MIT;Copyright (c) 2014 Matt-Esch.;nodejs;https://www.npmjs.com/package/x-is-string
xml2js;0.4.17;MIT;Copyright 2010, 2011, 2012, 2013. All rights reserved.;nodejs;https://www.npmjs.com/package/xml2js
xml2js;0.4.23;MIT;Copyright 2010, 2011, 2012, 2013. All rights reserved.;nodejs;https://www.npmjs.com/package/xml2js
xmlbuilder;11.0.1;MIT;Copyright (c) 2013 Ozgur Ozcitak;nodejs;https://www.npmjs.com/package/xmlbuilder
xmlbuilder;4.2.1;MIT;Copyright (c) 2013 Ozgur Ozcitak;nodejs;https://www.npmjs.com/package/xmlbuilder
xmldom;0.1.31;LGPL;Copyright 2019 - present Christopher J. Brody and other contributors, as listed in: https://github.com/xmldom/xmldom/graphs/contributorsCopyright 2012 - 2017 @jindw <jindw@xidea.org> and other contributors, as listed in: https://github.com/jindw/xmldom/graphs/contributors;nodejs;https://www.npmjs.com/package/xmldom
xmldom;0.2.1;MIT;Copyright 2019 - present Christopher J. Brody and other contributors, as listed in: https://github.com/xmldom/xmldom/graphs/contributorsCopyright 2012 - 2017 @jindw <jindw@xidea.org> and other contributors, as listed in: https://github.com/jindw/xmldom/graphs/contributors;nodejs;https://www.npmjs.com/package/xmldom
xmldom;0.3.0;MIT;Copyright 2019 - present Christopher J. Brody and other contributors, as listed in: https://github.com/xmldom/xmldom/graphs/contributorsCopyright 2012 - 2017 @jindw <jindw@xidea.org> and other contributors, as listed in: https://github.com/jindw/xmldom/graphs/contributors;nodejs;https://www.npmjs.com/package/xmldom
xmlhttprequest;1.8.0;MIT;Copyright (c) 2010 passive.ly LLC;nodejs;https://www.npmjs.com/package/xmlhttprequest
xpath;0.0.27;MIT;Copyright (c) 2018 Cameron McCormack;nodejs;https://www.npmjs.com/package/xpath
